-- phpMyAdmin SQL Dump
-- version 4.8.3
-- https://www.phpmyadmin.net/
--
-- Hôte : 127.0.0.1:3306
-- Généré le :  Dim 31 mars 2019 à 14:40
-- Version du serveur :  5.7.23
-- Version de PHP :  7.2.10

SET SQL_MODE = "NO_AUTO_VALUE_ON_ZERO";
SET AUTOCOMMIT = 0;
START TRANSACTION;
SET time_zone = "+00:00";


/*!40101 SET @OLD_CHARACTER_SET_CLIENT=@@CHARACTER_SET_CLIENT */;
/*!40101 SET @OLD_CHARACTER_SET_RESULTS=@@CHARACTER_SET_RESULTS */;
/*!40101 SET @OLD_COLLATION_CONNECTION=@@COLLATION_CONNECTION */;
/*!40101 SET NAMES utf8mb4 */;

--
-- Base de données :  `grand_angle`
--
CREATE DATABASE IF NOT EXISTS `grand_angle` DEFAULT CHARACTER SET utf8 COLLATE utf8_general_ci;
USE `grand_angle`;

-- --------------------------------------------------------

--
-- Structure de la table `accompagner`
--

DROP TABLE IF EXISTS `accompagner`;
CREATE TABLE IF NOT EXISTS `accompagner` (
  `id_media` int(11) NOT NULL,
  `id_oeuvre` int(11) NOT NULL,
  PRIMARY KEY (`id_media`,`id_oeuvre`),
  KEY `Accompagner_OEUVRES0_FK` (`id_oeuvre`)
) ENGINE=InnoDB DEFAULT CHARSET=utf8;

-- --------------------------------------------------------

--
-- Structure de la table `artistes`
--

DROP TABLE IF EXISTS `artistes`;
CREATE TABLE IF NOT EXISTS `artistes` (
  `id_art` int(11) NOT NULL AUTO_INCREMENT,
  `nom_art` varchar(100) DEFAULT NULL COMMENT 'Nom ou alias unique (ex : bansky)',
  `prenom_art` varchar(100) DEFAULT NULL,
  `bio_art` varchar(1000) DEFAULT NULL,
  `id_col` int(11) DEFAULT NULL,
  PRIMARY KEY (`id_art`),
  KEY `ARTISTES_COLLECTIFS_FK` (`id_col`)
) ENGINE=InnoDB AUTO_INCREMENT=50 DEFAULT CHARSET=utf8;

--
-- Déchargement des données de la table `artistes`
--

INSERT INTO `artistes` (`id_art`, `nom_art`, `prenom_art`, `bio_art`, `id_col`) VALUES
(1, NULL, NULL, NULL, 2),
(2, NULL, NULL, NULL, 3),
(3, NULL, NULL, NULL, 4),
(4, NULL, NULL, NULL, 5),
(5, 'FERRAND', 'Danielle', 'Lorem ipsum dolor sit amet, consectetur adipiscing elit, sed do eiusmod tempor incididunt ut labore et dolore magna aliqua. Ut enim ad minim veniam, quis nostrud exercitation ullamco laboris nisi ut ', 3),
(6, 'FAUCHEUX', 'Michel', 'Lorem ipsum dolor sit amet, consectetur adipiscing elit, sed do eiusmod tempor incididunt ut labore et dolore magna aliqua. Ut enim ad minim veniam, quis nostrud exercitation ullamco laboris nisi ut ', 5),
(7, 'DAMBSKI', 'René', 'Lorem ipsum dolor sit amet, consectetur adipiscing elit, sed do eiusmod tempor incididunt ut labore et dolore magna aliqua. Ut enim ad minim veniam, quis nostrud exercitation ullamco laboris nisi ut ', 5),
(8, 'COUDERC', 'Marie-Louise', 'Lorem ipsum dolor sit amet, consectetur adipiscing elit, sed do eiusmod tempor incididunt ut labore et dolore magna aliqua. Ut enim ad minim veniam, quis nostrud exercitation ullamco laboris nisi ut ', 1),
(9, 'GHAFFAR', 'Ghislaine', 'Lorem ipsum dolor sit amet, consectetur adipiscing elit, sed do eiusmod tempor incididunt ut labore et dolore magna aliqua. Ut enim ad minim veniam, quis nostrud exercitation ullamco laboris nisi ut ', 1),
(10, 'VASSEUR', 'Christiane', 'Lorem ipsum dolor sit amet, consectetur adipiscing elit, sed do eiusmod tempor incididunt ut labore et dolore magna aliqua. Ut enim ad minim veniam, quis nostrud exercitation ullamco laboris nisi ut ', 2),
(11, 'LOBJOY', 'Patrick', 'Lorem ipsum dolor sit amet, consectetur adipiscing elit, sed do eiusmod tempor incididunt ut labore et dolore magna aliqua. Ut enim ad minim veniam, quis nostrud exercitation ullamco laboris nisi ut ', 4),
(12, 'LAM', 'Pierrette', 'Lorem ipsum dolor sit amet, consectetur adipiscing elit, sed do eiusmod tempor incididunt ut labore et dolore magna aliqua. Ut enim ad minim veniam, quis nostrud exercitation ullamco laboris nisi ut ', 2),
(13, 'LÉVY', 'Denise', 'Lorem ipsum dolor sit amet, consectetur adipiscing elit, sed do eiusmod tempor incididunt ut labore et dolore magna aliqua. Ut enim ad minim veniam, quis nostrud exercitation ullamco laboris nisi ut ', 2),
(14, 'HERMANT', 'Jean-Pierre', 'Lorem ipsum dolor sit amet, consectetur adipiscing elit, sed do eiusmod tempor incididunt ut labore et dolore magna aliqua. Ut enim ad minim veniam, quis nostrud exercitation ullamco laboris nisi ut ', 5),
(15, 'MARTIN', 'Laurent', 'Lorem ipsum dolor sit amet, consectetur adipiscing elit, sed do eiusmod tempor incididunt ut labore et dolore magna aliqua. Ut enim ad minim veniam, quis nostrud exercitation ullamco laboris nisi ut ', 3),
(16, 'DELUC', 'Pascal', 'Lorem ipsum dolor sit amet, consectetur adipiscing elit, sed do eiusmod tempor incididunt ut labore et dolore magna aliqua. Ut enim ad minim veniam, quis nostrud exercitation ullamco laboris nisi ut ', 5),
(17, 'ROLLAND', 'Nathalie', 'Lorem ipsum dolor sit amet, consectetur adipiscing elit, sed do eiusmod tempor incididunt ut labore et dolore magna aliqua. Ut enim ad minim veniam, quis nostrud exercitation ullamco laboris nisi ut ', 1),
(18, 'LAMBERT', 'Géneviéve', 'Lorem ipsum dolor sit amet, consectetur adipiscing elit, sed do eiusmod tempor incididunt ut labore et dolore magna aliqua. Ut enim ad minim veniam, quis nostrud exercitation ullamco laboris nisi ut ', 5),
(19, 'FILLEAU', 'Sylvie', 'Lorem ipsum dolor sit amet, consectetur adipiscing elit, sed do eiusmod tempor incididunt ut labore et dolore magna aliqua. Ut enim ad minim veniam, quis nostrud exercitation ullamco laboris nisi ut ', 2),
(20, 'KONGOLO', 'Bernard', 'Lorem ipsum dolor sit amet, consectetur adipiscing elit, sed do eiusmod tempor incididunt ut labore et dolore magna aliqua. Ut enim ad minim veniam, quis nostrud exercitation ullamco laboris nisi ut ', 5),
(21, 'AZRIA', 'Maryse', 'Lorem ipsum dolor sit amet, consectetur adipiscing elit, sed do eiusmod tempor incididunt ut labore et dolore magna aliqua. Ut enim ad minim veniam, quis nostrud exercitation ullamco laboris nisi ut ', 3),
(22, 'CAILLOT', 'Jocelyne', 'Lorem ipsum dolor sit amet, consectetur adipiscing elit, sed do eiusmod tempor incididunt ut labore et dolore magna aliqua. Ut enim ad minim veniam, quis nostrud exercitation ullamco laboris nisi ut ', 2),
(23, 'BOUCHET', 'Micheline', 'Lorem ipsum dolor sit amet, consectetur adipiscing elit, sed do eiusmod tempor incididunt ut labore et dolore magna aliqua. Ut enim ad minim veniam, quis nostrud exercitation ullamco laboris nisi ut ', 2),
(24, 'CUCIT', 'Marie-Louise', 'Lorem ipsum dolor sit amet, consectetur adipiscing elit, sed do eiusmod tempor incididunt ut labore et dolore magna aliqua. Ut enim ad minim veniam, quis nostrud exercitation ullamco laboris nisi ut ', 4),
(25, 'ANGONIN', 'Jean-Pierre', 'Lorem ipsum dolor sit amet, consectetur adipiscing elit, sed do eiusmod tempor incididunt ut labore et dolore magna aliqua. Ut enim ad minim veniam, quis nostrud exercitation ullamco laboris nisi ut ', 4),
(26, 'BOLLO', 'René', 'Lorem ipsum dolor sit amet, consectetur adipiscing elit, sed do eiusmod tempor incididunt ut labore et dolore magna aliqua. Ut enim ad minim veniam, quis nostrud exercitation ullamco laboris nisi ut ', 1),
(27, 'RAGEUL', 'Marielle', 'Lorem ipsum dolor sit amet, consectetur adipiscing elit, sed do eiusmod tempor incididunt ut labore et dolore magna aliqua. Ut enim ad minim veniam, quis nostrud exercitation ullamco laboris nisi ut ', 3),
(28, 'MARECHAL', 'Géneviéve', 'Lorem ipsum dolor sit amet, consectetur adipiscing elit, sed do eiusmod tempor incididunt ut labore et dolore magna aliqua. Ut enim ad minim veniam, quis nostrud exercitation ullamco laboris nisi ut ', 3),
(29, 'KRIEF', 'Arlette', 'Lorem ipsum dolor sit amet, consectetur adipiscing elit, sed do eiusmod tempor incididunt ut labore et dolore magna aliqua. Ut enim ad minim veniam, quis nostrud exercitation ullamco laboris nisi ut ', 1),
(30, 'COHEN', 'Christian', 'Lorem ipsum dolor sit amet, consectetur adipiscing elit, sed do eiusmod tempor incididunt ut labore et dolore magna aliqua. Ut enim ad minim veniam, quis nostrud exercitation ullamco laboris nisi ut ', 2),
(31, 'PERFETTO', 'Pascal', 'Lorem ipsum dolor sit amet, consectetur adipiscing elit, sed do eiusmod tempor incididunt ut labore et dolore magna aliqua. Ut enim ad minim veniam, quis nostrud exercitation ullamco laboris nisi ut ', 4),
(32, 'GIRARD', 'André', 'Lorem ipsum dolor sit amet, consectetur adipiscing elit, sed do eiusmod tempor incididunt ut labore et dolore magna aliqua. Ut enim ad minim veniam, quis nostrud exercitation ullamco laboris nisi ut ', 2),
(33, 'EL KAABI', 'Nicole', 'Lorem ipsum dolor sit amet, consectetur adipiscing elit, sed do eiusmod tempor incididunt ut labore et dolore magna aliqua. Ut enim ad minim veniam, quis nostrud exercitation ullamco laboris nisi ut ', 5),
(34, 'ILARDO', 'Sylvie', 'Lorem ipsum dolor sit amet, consectetur adipiscing elit, sed do eiusmod tempor incididunt ut labore et dolore magna aliqua. Ut enim ad minim veniam, quis nostrud exercitation ullamco laboris nisi ut ', 3),
(35, 'GUILLE', 'Jean', 'Lorem ipsum dolor sit amet, consectetur adipiscing elit, sed do eiusmod tempor incididunt ut labore et dolore magna aliqua. Ut enim ad minim veniam, quis nostrud exercitation ullamco laboris nisi ut ', 4),
(36, 'ROBERT', 'Viviane', 'Lorem ipsum dolor sit amet, consectetur adipiscing elit, sed do eiusmod tempor incididunt ut labore et dolore magna aliqua. Ut enim ad minim veniam, quis nostrud exercitation ullamco laboris nisi ut ', 1),
(37, 'TARDIF', 'Marie-Paule', 'Lorem ipsum dolor sit amet, consectetur adipiscing elit, sed do eiusmod tempor incididunt ut labore et dolore magna aliqua. Ut enim ad minim veniam, quis nostrud exercitation ullamco laboris nisi ut ', 4),
(38, 'OBEL', 'Rolande', 'Lorem ipsum dolor sit amet, consectetur adipiscing elit, sed do eiusmod tempor incididunt ut labore et dolore magna aliqua. Ut enim ad minim veniam, quis nostrud exercitation ullamco laboris nisi ut ', 3),
(39, 'TAIEB', 'Michel', 'Lorem ipsum dolor sit amet, consectetur adipiscing elit, sed do eiusmod tempor incididunt ut labore et dolore magna aliqua. Ut enim ad minim veniam, quis nostrud exercitation ullamco laboris nisi ut ', 1),
(40, 'BEAUMIER', 'Isabelle', 'Lorem ipsum dolor sit amet, consectetur adipiscing elit, sed do eiusmod tempor incididunt ut labore et dolore magna aliqua. Ut enim ad minim veniam, quis nostrud exercitation ullamco laboris nisi ut ', 3),
(41, 'MIANET', 'Georges', 'Lorem ipsum dolor sit amet, consectetur adipiscing elit, sed do eiusmod tempor incididunt ut labore et dolore magna aliqua. Ut enim ad minim veniam, quis nostrud exercitation ullamco laboris nisi ut ', 1),
(42, 'DURAND', 'Ginette', 'Lorem ipsum dolor sit amet, consectetur adipiscing elit, sed do eiusmod tempor incididunt ut labore et dolore magna aliqua. Ut enim ad minim veniam, quis nostrud exercitation ullamco laboris nisi ut ', 4),
(43, 'MARTEL', 'Jean-Claude', 'Lorem ipsum dolor sit amet, consectetur adipiscing elit, sed do eiusmod tempor incididunt ut labore et dolore magna aliqua. Ut enim ad minim veniam, quis nostrud exercitation ullamco laboris nisi ut ', 5),
(44, 'FRISA', 'Brigitte', 'Lorem ipsum dolor sit amet, consectetur adipiscing elit, sed do eiusmod tempor incididunt ut labore et dolore magna aliqua. Ut enim ad minim veniam, quis nostrud exercitation ullamco laboris nisi ut ', 3),
(45, 'BRELEUR', 'Jacques', 'Lorem ipsum dolor sit amet, consectetur adipiscing elit, sed do eiusmod tempor incididunt ut labore et dolore magna aliqua. Ut enim ad minim veniam, quis nostrud exercitation ullamco laboris nisi ut ', 5),
(46, 'BEAUDEAU', 'Gérard', 'Lorem ipsum dolor sit amet, consectetur adipiscing elit, sed do eiusmod tempor incididunt ut labore et dolore magna aliqua. Ut enim ad minim veniam, quis nostrud exercitation ullamco laboris nisi ut ', 1),
(47, 'KAC', 'Christine', 'Lorem ipsum dolor sit amet, consectetur adipiscing elit, sed do eiusmod tempor incididunt ut labore et dolore magna aliqua. Ut enim ad minim veniam, quis nostrud exercitation ullamco laboris nisi ut ', 5),
(48, 'MARQUEZ', 'Marie-Cecile', 'Lorem ipsum dolor sit amet, consectetur adipiscing elit, sed do eiusmod tempor incididunt ut labore et dolore magna aliqua. Ut enim ad minim veniam, quis nostrud exercitation ullamco laboris nisi ut ', 1),
(49, 'LADD', 'Claude', 'Lorem ipsum dolor sit amet, consectetur adipiscing elit, sed do eiusmod tempor incididunt ut labore et dolore magna aliqua. Ut enim ad minim veniam, quis nostrud exercitation ullamco laboris nisi ut ', 2);

-- --------------------------------------------------------

--
-- Structure de la table `artistes_trad`
--

DROP TABLE IF EXISTS `artistes_trad`;
CREATE TABLE IF NOT EXISTS `artistes_trad` (
  `id_art` int(11) NOT NULL,
  `id_langue` int(11) NOT NULL,
  `bio_art_trad` varchar(1000) DEFAULT NULL,
  PRIMARY KEY (`id_art`,`id_langue`),
  KEY `Artistes_trad_LANGUES0_FK` (`id_langue`)
) ENGINE=InnoDB DEFAULT CHARSET=utf8;

--
-- Déchargement des données de la table `artistes_trad`
--

INSERT INTO `artistes_trad` (`id_art`, `id_langue`, `bio_art_trad`) VALUES
(1, 1, NULL),
(1, 2, NULL),
(2, 1, NULL),
(2, 2, NULL),
(3, 1, NULL),
(3, 2, NULL),
(4, 1, NULL),
(4, 2, NULL),
(5, 1, 'Far far away, behind the word mountains, far from the countries Vokalia and Consonantia, there live the blind texts. Separated they live in Bookmarksgrove right at the coast of the Semantics, a large language ocean.\nA small river named Duden flows by their place and supplies it with the necessary regelialia. It is a paradisematic country, in which roasted parts of sentences fly into your mouth.\nEven the all-powerful Pointing has no control about the bli'),
(5, 2, '證個價始展生與可知率像別過士度這集用什因是老分去們指，情方民物斷費期國起子質我日把我的據帶入書此。言覺濟買教劇們論聽小子語出車可；有了願合。\n子非樓流的裡導物麼清下石？軍多期回的力環其自玩我現：相林持面球幾：兒是安大平好，教分她領十可低政等物於直險想調。方助便作樹……留不場實。\n資自響為注法人藝？\n之兒離呢師房是成們，門術星部不，著離技裡重登！我取管那動興價會用沒給小於家對完？'),
(6, 1, 'Far far away, behind the word mountains, far from the countries Vokalia and Consonantia, there live the blind texts. Separated they live in Bookmarksgrove right at the coast of the Semantics, a large language ocean.\nA small river named Duden flows by their place and supplies it with the necessary regelialia. It is a paradisematic country, in which roasted parts of sentences fly into your mouth.\nEven the all-powerful Pointing has no control about the bli'),
(6, 2, '證個價始展生與可知率像別過士度這集用什因是老分去們指，情方民物斷費期國起子質我日把我的據帶入書此。言覺濟買教劇們論聽小子語出車可；有了願合。\n子非樓流的裡導物麼清下石？軍多期回的力環其自玩我現：相林持面球幾：兒是安大平好，教分她領十可低政等物於直險想調。方助便作樹……留不場實。\n資自響為注法人藝？\n之兒離呢師房是成們，門術星部不，著離技裡重登！我取管那動興價會用沒給小於家對完？'),
(7, 1, 'Far far away, behind the word mountains, far from the countries Vokalia and Consonantia, there live the blind texts. Separated they live in Bookmarksgrove right at the coast of the Semantics, a large language ocean.\nA small river named Duden flows by their place and supplies it with the necessary regelialia. It is a paradisematic country, in which roasted parts of sentences fly into your mouth.\nEven the all-powerful Pointing has no control about the bli'),
(7, 2, '證個價始展生與可知率像別過士度這集用什因是老分去們指，情方民物斷費期國起子質我日把我的據帶入書此。言覺濟買教劇們論聽小子語出車可；有了願合。\n子非樓流的裡導物麼清下石？軍多期回的力環其自玩我現：相林持面球幾：兒是安大平好，教分她領十可低政等物於直險想調。方助便作樹……留不場實。\n資自響為注法人藝？\n之兒離呢師房是成們，門術星部不，著離技裡重登！我取管那動興價會用沒給小於家對完？'),
(8, 1, 'Far far away, behind the word mountains, far from the countries Vokalia and Consonantia, there live the blind texts. Separated they live in Bookmarksgrove right at the coast of the Semantics, a large language ocean.\nA small river named Duden flows by their place and supplies it with the necessary regelialia. It is a paradisematic country, in which roasted parts of sentences fly into your mouth.\nEven the all-powerful Pointing has no control about the bli'),
(8, 2, '證個價始展生與可知率像別過士度這集用什因是老分去們指，情方民物斷費期國起子質我日把我的據帶入書此。言覺濟買教劇們論聽小子語出車可；有了願合。\n子非樓流的裡導物麼清下石？軍多期回的力環其自玩我現：相林持面球幾：兒是安大平好，教分她領十可低政等物於直險想調。方助便作樹……留不場實。\n資自響為注法人藝？\n之兒離呢師房是成們，門術星部不，著離技裡重登！我取管那動興價會用沒給小於家對完？'),
(9, 1, 'Far far away, behind the word mountains, far from the countries Vokalia and Consonantia, there live the blind texts. Separated they live in Bookmarksgrove right at the coast of the Semantics, a large language ocean.\nA small river named Duden flows by their place and supplies it with the necessary regelialia. It is a paradisematic country, in which roasted parts of sentences fly into your mouth.\nEven the all-powerful Pointing has no control about the bli'),
(9, 2, '證個價始展生與可知率像別過士度這集用什因是老分去們指，情方民物斷費期國起子質我日把我的據帶入書此。言覺濟買教劇們論聽小子語出車可；有了願合。\n子非樓流的裡導物麼清下石？軍多期回的力環其自玩我現：相林持面球幾：兒是安大平好，教分她領十可低政等物於直險想調。方助便作樹……留不場實。\n資自響為注法人藝？\n之兒離呢師房是成們，門術星部不，著離技裡重登！我取管那動興價會用沒給小於家對完？'),
(10, 1, NULL),
(10, 2, NULL),
(11, 1, 'Far far away, behind the word mountains, far from the countries Vokalia and Consonantia, there live the blind texts. Separated they live in Bookmarksgrove right at the coast of the Semantics, a large language ocean.\nA small river named Duden flows by their place and supplies it with the necessary regelialia. It is a paradisematic country, in which roasted parts of sentences fly into your mouth.\nEven the all-powerful Pointing has no control about the bli'),
(11, 2, '證個價始展生與可知率像別過士度這集用什因是老分去們指，情方民物斷費期國起子質我日把我的據帶入書此。言覺濟買教劇們論聽小子語出車可；有了願合。\n子非樓流的裡導物麼清下石？軍多期回的力環其自玩我現：相林持面球幾：兒是安大平好，教分她領十可低政等物於直險想調。方助便作樹……留不場實。\n資自響為注法人藝？\n之兒離呢師房是成們，門術星部不，著離技裡重登！我取管那動興價會用沒給小於家對完？'),
(12, 1, 'Far far away, behind the word mountains, far from the countries Vokalia and Consonantia, there live the blind texts. Separated they live in Bookmarksgrove right at the coast of the Semantics, a large language ocean.\nA small river named Duden flows by their place and supplies it with the necessary regelialia. It is a paradisematic country, in which roasted parts of sentences fly into your mouth.\nEven the all-powerful Pointing has no control about the bli'),
(12, 2, '證個價始展生與可知率像別過士度這集用什因是老分去們指，情方民物斷費期國起子質我日把我的據帶入書此。言覺濟買教劇們論聽小子語出車可；有了願合。\n子非樓流的裡導物麼清下石？軍多期回的力環其自玩我現：相林持面球幾：兒是安大平好，教分她領十可低政等物於直險想調。方助便作樹……留不場實。\n資自響為注法人藝？\n之兒離呢師房是成們，門術星部不，著離技裡重登！我取管那動興價會用沒給小於家對完？'),
(13, 1, 'Far far away, behind the word mountains, far from the countries Vokalia and Consonantia, there live the blind texts. Separated they live in Bookmarksgrove right at the coast of the Semantics, a large language ocean.\nA small river named Duden flows by their place and supplies it with the necessary regelialia. It is a paradisematic country, in which roasted parts of sentences fly into your mouth.\nEven the all-powerful Pointing has no control about the bli'),
(13, 2, '證個價始展生與可知率像別過士度這集用什因是老分去們指，情方民物斷費期國起子質我日把我的據帶入書此。言覺濟買教劇們論聽小子語出車可；有了願合。\n子非樓流的裡導物麼清下石？軍多期回的力環其自玩我現：相林持面球幾：兒是安大平好，教分她領十可低政等物於直險想調。方助便作樹……留不場實。\n資自響為注法人藝？\n之兒離呢師房是成們，門術星部不，著離技裡重登！我取管那動興價會用沒給小於家對完？'),
(14, 1, 'Far far away, behind the word mountains, far from the countries Vokalia and Consonantia, there live the blind texts. Separated they live in Bookmarksgrove right at the coast of the Semantics, a large language ocean.\nA small river named Duden flows by their place and supplies it with the necessary regelialia. It is a paradisematic country, in which roasted parts of sentences fly into your mouth.\nEven the all-powerful Pointing has no control about the bli'),
(14, 2, '證個價始展生與可知率像別過士度這集用什因是老分去們指，情方民物斷費期國起子質我日把我的據帶入書此。言覺濟買教劇們論聽小子語出車可；有了願合。\n子非樓流的裡導物麼清下石？軍多期回的力環其自玩我現：相林持面球幾：兒是安大平好，教分她領十可低政等物於直險想調。方助便作樹……留不場實。\n資自響為注法人藝？\n之兒離呢師房是成們，門術星部不，著離技裡重登！我取管那動興價會用沒給小於家對完？'),
(15, 1, 'Far far away, behind the word mountains, far from the countries Vokalia and Consonantia, there live the blind texts. Separated they live in Bookmarksgrove right at the coast of the Semantics, a large language ocean.\nA small river named Duden flows by their place and supplies it with the necessary regelialia. It is a paradisematic country, in which roasted parts of sentences fly into your mouth.\nEven the all-powerful Pointing has no control about the bli'),
(15, 2, '證個價始展生與可知率像別過士度這集用什因是老分去們指，情方民物斷費期國起子質我日把我的據帶入書此。言覺濟買教劇們論聽小子語出車可；有了願合。\n子非樓流的裡導物麼清下石？軍多期回的力環其自玩我現：相林持面球幾：兒是安大平好，教分她領十可低政等物於直險想調。方助便作樹……留不場實。\n資自響為注法人藝？\n之兒離呢師房是成們，門術星部不，著離技裡重登！我取管那動興價會用沒給小於家對完？'),
(16, 1, 'Far far away, behind the word mountains, far from the countries Vokalia and Consonantia, there live the blind texts. Separated they live in Bookmarksgrove right at the coast of the Semantics, a large language ocean.\nA small river named Duden flows by their place and supplies it with the necessary regelialia. It is a paradisematic country, in which roasted parts of sentences fly into your mouth.\nEven the all-powerful Pointing has no control about the bli'),
(16, 2, '證個價始展生與可知率像別過士度這集用什因是老分去們指，情方民物斷費期國起子質我日把我的據帶入書此。言覺濟買教劇們論聽小子語出車可；有了願合。\n子非樓流的裡導物麼清下石？軍多期回的力環其自玩我現：相林持面球幾：兒是安大平好，教分她領十可低政等物於直險想調。方助便作樹……留不場實。\n資自響為注法人藝？\n之兒離呢師房是成們，門術星部不，著離技裡重登！我取管那動興價會用沒給小於家對完？'),
(17, 1, 'Far far away, behind the word mountains, far from the countries Vokalia and Consonantia, there live the blind texts. Separated they live in Bookmarksgrove right at the coast of the Semantics, a large language ocean.\nA small river named Duden flows by their place and supplies it with the necessary regelialia. It is a paradisematic country, in which roasted parts of sentences fly into your mouth.\nEven the all-powerful Pointing has no control about the bli'),
(17, 2, '證個價始展生與可知率像別過士度這集用什因是老分去們指，情方民物斷費期國起子質我日把我的據帶入書此。言覺濟買教劇們論聽小子語出車可；有了願合。\n子非樓流的裡導物麼清下石？軍多期回的力環其自玩我現：相林持面球幾：兒是安大平好，教分她領十可低政等物於直險想調。方助便作樹……留不場實。\n資自響為注法人藝？\n之兒離呢師房是成們，門術星部不，著離技裡重登！我取管那動興價會用沒給小於家對完？'),
(18, 1, 'Far far away, behind the word mountains, far from the countries Vokalia and Consonantia, there live the blind texts. Separated they live in Bookmarksgrove right at the coast of the Semantics, a large language ocean.\nA small river named Duden flows by their place and supplies it with the necessary regelialia. It is a paradisematic country, in which roasted parts of sentences fly into your mouth.\nEven the all-powerful Pointing has no control about the bli'),
(18, 2, '證個價始展生與可知率像別過士度這集用什因是老分去們指，情方民物斷費期國起子質我日把我的據帶入書此。言覺濟買教劇們論聽小子語出車可；有了願合。\n子非樓流的裡導物麼清下石？軍多期回的力環其自玩我現：相林持面球幾：兒是安大平好，教分她領十可低政等物於直險想調。方助便作樹……留不場實。\n資自響為注法人藝？\n之兒離呢師房是成們，門術星部不，著離技裡重登！我取管那動興價會用沒給小於家對完？'),
(19, 1, 'Far far away, behind the word mountains, far from the countries Vokalia and Consonantia, there live the blind texts. Separated they live in Bookmarksgrove right at the coast of the Semantics, a large language ocean.\nA small river named Duden flows by their place and supplies it with the necessary regelialia. It is a paradisematic country, in which roasted parts of sentences fly into your mouth.\nEven the all-powerful Pointing has no control about the bli'),
(19, 2, '證個價始展生與可知率像別過士度這集用什因是老分去們指，情方民物斷費期國起子質我日把我的據帶入書此。言覺濟買教劇們論聽小子語出車可；有了願合。\n子非樓流的裡導物麼清下石？軍多期回的力環其自玩我現：相林持面球幾：兒是安大平好，教分她領十可低政等物於直險想調。方助便作樹……留不場實。\n資自響為注法人藝？\n之兒離呢師房是成們，門術星部不，著離技裡重登！我取管那動興價會用沒給小於家對完？'),
(20, 1, 'Far far away, behind the word mountains, far from the countries Vokalia and Consonantia, there live the blind texts. Separated they live in Bookmarksgrove right at the coast of the Semantics, a large language ocean.\nA small river named Duden flows by their place and supplies it with the necessary regelialia. It is a paradisematic country, in which roasted parts of sentences fly into your mouth.\nEven the all-powerful Pointing has no control about the bli'),
(20, 2, '證個價始展生與可知率像別過士度這集用什因是老分去們指，情方民物斷費期國起子質我日把我的據帶入書此。言覺濟買教劇們論聽小子語出車可；有了願合。\n子非樓流的裡導物麼清下石？軍多期回的力環其自玩我現：相林持面球幾：兒是安大平好，教分她領十可低政等物於直險想調。方助便作樹……留不場實。\n資自響為注法人藝？\n之兒離呢師房是成們，門術星部不，著離技裡重登！我取管那動興價會用沒給小於家對完？'),
(21, 1, 'Far far away, behind the word mountains, far from the countries Vokalia and Consonantia, there live the blind texts. Separated they live in Bookmarksgrove right at the coast of the Semantics, a large language ocean.\nA small river named Duden flows by their place and supplies it with the necessary regelialia. It is a paradisematic country, in which roasted parts of sentences fly into your mouth.\nEven the all-powerful Pointing has no control about the bli'),
(21, 2, '證個價始展生與可知率像別過士度這集用什因是老分去們指，情方民物斷費期國起子質我日把我的據帶入書此。言覺濟買教劇們論聽小子語出車可；有了願合。\n子非樓流的裡導物麼清下石？軍多期回的力環其自玩我現：相林持面球幾：兒是安大平好，教分她領十可低政等物於直險想調。方助便作樹……留不場實。\n資自響為注法人藝？\n之兒離呢師房是成們，門術星部不，著離技裡重登！我取管那動興價會用沒給小於家對完？'),
(22, 1, 'Far far away, behind the word mountains, far from the countries Vokalia and Consonantia, there live the blind texts. Separated they live in Bookmarksgrove right at the coast of the Semantics, a large language ocean.\nA small river named Duden flows by their place and supplies it with the necessary regelialia. It is a paradisematic country, in which roasted parts of sentences fly into your mouth.\nEven the all-powerful Pointing has no control about the bli'),
(22, 2, '證個價始展生與可知率像別過士度這集用什因是老分去們指，情方民物斷費期國起子質我日把我的據帶入書此。言覺濟買教劇們論聽小子語出車可；有了願合。\n子非樓流的裡導物麼清下石？軍多期回的力環其自玩我現：相林持面球幾：兒是安大平好，教分她領十可低政等物於直險想調。方助便作樹……留不場實。\n資自響為注法人藝？\n之兒離呢師房是成們，門術星部不，著離技裡重登！我取管那動興價會用沒給小於家對完？'),
(23, 1, 'Far far away, behind the word mountains, far from the countries Vokalia and Consonantia, there live the blind texts. Separated they live in Bookmarksgrove right at the coast of the Semantics, a large language ocean.\nA small river named Duden flows by their place and supplies it with the necessary regelialia. It is a paradisematic country, in which roasted parts of sentences fly into your mouth.\nEven the all-powerful Pointing has no control about the bli'),
(23, 2, '證個價始展生與可知率像別過士度這集用什因是老分去們指，情方民物斷費期國起子質我日把我的據帶入書此。言覺濟買教劇們論聽小子語出車可；有了願合。\n子非樓流的裡導物麼清下石？軍多期回的力環其自玩我現：相林持面球幾：兒是安大平好，教分她領十可低政等物於直險想調。方助便作樹……留不場實。\n資自響為注法人藝？\n之兒離呢師房是成們，門術星部不，著離技裡重登！我取管那動興價會用沒給小於家對完？'),
(24, 1, 'Far far away, behind the word mountains, far from the countries Vokalia and Consonantia, there live the blind texts. Separated they live in Bookmarksgrove right at the coast of the Semantics, a large language ocean.\nA small river named Duden flows by their place and supplies it with the necessary regelialia. It is a paradisematic country, in which roasted parts of sentences fly into your mouth.\nEven the all-powerful Pointing has no control about the bli'),
(24, 2, '證個價始展生與可知率像別過士度這集用什因是老分去們指，情方民物斷費期國起子質我日把我的據帶入書此。言覺濟買教劇們論聽小子語出車可；有了願合。\n子非樓流的裡導物麼清下石？軍多期回的力環其自玩我現：相林持面球幾：兒是安大平好，教分她領十可低政等物於直險想調。方助便作樹……留不場實。\n資自響為注法人藝？\n之兒離呢師房是成們，門術星部不，著離技裡重登！我取管那動興價會用沒給小於家對完？'),
(25, 1, 'Far far away, behind the word mountains, far from the countries Vokalia and Consonantia, there live the blind texts. Separated they live in Bookmarksgrove right at the coast of the Semantics, a large language ocean.\nA small river named Duden flows by their place and supplies it with the necessary regelialia. It is a paradisematic country, in which roasted parts of sentences fly into your mouth.\nEven the all-powerful Pointing has no control about the bli'),
(25, 2, '證個價始展生與可知率像別過士度這集用什因是老分去們指，情方民物斷費期國起子質我日把我的據帶入書此。言覺濟買教劇們論聽小子語出車可；有了願合。\n子非樓流的裡導物麼清下石？軍多期回的力環其自玩我現：相林持面球幾：兒是安大平好，教分她領十可低政等物於直險想調。方助便作樹……留不場實。\n資自響為注法人藝？\n之兒離呢師房是成們，門術星部不，著離技裡重登！我取管那動興價會用沒給小於家對完？'),
(26, 1, 'Far far away, behind the word mountains, far from the countries Vokalia and Consonantia, there live the blind texts. Separated they live in Bookmarksgrove right at the coast of the Semantics, a large language ocean.\nA small river named Duden flows by their place and supplies it with the necessary regelialia. It is a paradisematic country, in which roasted parts of sentences fly into your mouth.\nEven the all-powerful Pointing has no control about the bli'),
(26, 2, '證個價始展生與可知率像別過士度這集用什因是老分去們指，情方民物斷費期國起子質我日把我的據帶入書此。言覺濟買教劇們論聽小子語出車可；有了願合。\n子非樓流的裡導物麼清下石？軍多期回的力環其自玩我現：相林持面球幾：兒是安大平好，教分她領十可低政等物於直險想調。方助便作樹……留不場實。\n資自響為注法人藝？\n之兒離呢師房是成們，門術星部不，著離技裡重登！我取管那動興價會用沒給小於家對完？'),
(27, 1, 'Far far away, behind the word mountains, far from the countries Vokalia and Consonantia, there live the blind texts. Separated they live in Bookmarksgrove right at the coast of the Semantics, a large language ocean.\nA small river named Duden flows by their place and supplies it with the necessary regelialia. It is a paradisematic country, in which roasted parts of sentences fly into your mouth.\nEven the all-powerful Pointing has no control about the bli'),
(27, 2, '證個價始展生與可知率像別過士度這集用什因是老分去們指，情方民物斷費期國起子質我日把我的據帶入書此。言覺濟買教劇們論聽小子語出車可；有了願合。\n子非樓流的裡導物麼清下石？軍多期回的力環其自玩我現：相林持面球幾：兒是安大平好，教分她領十可低政等物於直險想調。方助便作樹……留不場實。\n資自響為注法人藝？\n之兒離呢師房是成們，門術星部不，著離技裡重登！我取管那動興價會用沒給小於家對完？'),
(28, 1, 'Far far away, behind the word mountains, far from the countries Vokalia and Consonantia, there live the blind texts. Separated they live in Bookmarksgrove right at the coast of the Semantics, a large language ocean.\nA small river named Duden flows by their place and supplies it with the necessary regelialia. It is a paradisematic country, in which roasted parts of sentences fly into your mouth.\nEven the all-powerful Pointing has no control about the bli'),
(28, 2, '證個價始展生與可知率像別過士度這集用什因是老分去們指，情方民物斷費期國起子質我日把我的據帶入書此。言覺濟買教劇們論聽小子語出車可；有了願合。\n子非樓流的裡導物麼清下石？軍多期回的力環其自玩我現：相林持面球幾：兒是安大平好，教分她領十可低政等物於直險想調。方助便作樹……留不場實。\n資自響為注法人藝？\n之兒離呢師房是成們，門術星部不，著離技裡重登！我取管那動興價會用沒給小於家對完？'),
(29, 1, 'Far far away, behind the word mountains, far from the countries Vokalia and Consonantia, there live the blind texts. Separated they live in Bookmarksgrove right at the coast of the Semantics, a large language ocean.\nA small river named Duden flows by their place and supplies it with the necessary regelialia. It is a paradisematic country, in which roasted parts of sentences fly into your mouth.\nEven the all-powerful Pointing has no control about the bli'),
(29, 2, '證個價始展生與可知率像別過士度這集用什因是老分去們指，情方民物斷費期國起子質我日把我的據帶入書此。言覺濟買教劇們論聽小子語出車可；有了願合。\n子非樓流的裡導物麼清下石？軍多期回的力環其自玩我現：相林持面球幾：兒是安大平好，教分她領十可低政等物於直險想調。方助便作樹……留不場實。\n資自響為注法人藝？\n之兒離呢師房是成們，門術星部不，著離技裡重登！我取管那動興價會用沒給小於家對完？'),
(30, 1, NULL),
(30, 2, NULL),
(31, 1, 'Far far away, behind the word mountains, far from the countries Vokalia and Consonantia, there live the blind texts. Separated they live in Bookmarksgrove right at the coast of the Semantics, a large language ocean.\nA small river named Duden flows by their place and supplies it with the necessary regelialia. It is a paradisematic country, in which roasted parts of sentences fly into your mouth.\nEven the all-powerful Pointing has no control about the bli'),
(31, 2, '證個價始展生與可知率像別過士度這集用什因是老分去們指，情方民物斷費期國起子質我日把我的據帶入書此。言覺濟買教劇們論聽小子語出車可；有了願合。\n子非樓流的裡導物麼清下石？軍多期回的力環其自玩我現：相林持面球幾：兒是安大平好，教分她領十可低政等物於直險想調。方助便作樹……留不場實。\n資自響為注法人藝？\n之兒離呢師房是成們，門術星部不，著離技裡重登！我取管那動興價會用沒給小於家對完？'),
(32, 1, 'Far far away, behind the word mountains, far from the countries Vokalia and Consonantia, there live the blind texts. Separated they live in Bookmarksgrove right at the coast of the Semantics, a large language ocean.\nA small river named Duden flows by their place and supplies it with the necessary regelialia. It is a paradisematic country, in which roasted parts of sentences fly into your mouth.\nEven the all-powerful Pointing has no control about the bli'),
(32, 2, '證個價始展生與可知率像別過士度這集用什因是老分去們指，情方民物斷費期國起子質我日把我的據帶入書此。言覺濟買教劇們論聽小子語出車可；有了願合。\n子非樓流的裡導物麼清下石？軍多期回的力環其自玩我現：相林持面球幾：兒是安大平好，教分她領十可低政等物於直險想調。方助便作樹……留不場實。\n資自響為注法人藝？\n之兒離呢師房是成們，門術星部不，著離技裡重登！我取管那動興價會用沒給小於家對完？'),
(33, 1, 'Far far away, behind the word mountains, far from the countries Vokalia and Consonantia, there live the blind texts. Separated they live in Bookmarksgrove right at the coast of the Semantics, a large language ocean.\nA small river named Duden flows by their place and supplies it with the necessary regelialia. It is a paradisematic country, in which roasted parts of sentences fly into your mouth.\nEven the all-powerful Pointing has no control about the bli'),
(33, 2, '證個價始展生與可知率像別過士度這集用什因是老分去們指，情方民物斷費期國起子質我日把我的據帶入書此。言覺濟買教劇們論聽小子語出車可；有了願合。\n子非樓流的裡導物麼清下石？軍多期回的力環其自玩我現：相林持面球幾：兒是安大平好，教分她領十可低政等物於直險想調。方助便作樹……留不場實。\n資自響為注法人藝？\n之兒離呢師房是成們，門術星部不，著離技裡重登！我取管那動興價會用沒給小於家對完？'),
(34, 1, 'Far far away, behind the word mountains, far from the countries Vokalia and Consonantia, there live the blind texts. Separated they live in Bookmarksgrove right at the coast of the Semantics, a large language ocean.\nA small river named Duden flows by their place and supplies it with the necessary regelialia. It is a paradisematic country, in which roasted parts of sentences fly into your mouth.\nEven the all-powerful Pointing has no control about the bli'),
(34, 2, '證個價始展生與可知率像別過士度這集用什因是老分去們指，情方民物斷費期國起子質我日把我的據帶入書此。言覺濟買教劇們論聽小子語出車可；有了願合。\n子非樓流的裡導物麼清下石？軍多期回的力環其自玩我現：相林持面球幾：兒是安大平好，教分她領十可低政等物於直險想調。方助便作樹……留不場實。\n資自響為注法人藝？\n之兒離呢師房是成們，門術星部不，著離技裡重登！我取管那動興價會用沒給小於家對完？'),
(35, 1, 'Far far away, behind the word mountains, far from the countries Vokalia and Consonantia, there live the blind texts. Separated they live in Bookmarksgrove right at the coast of the Semantics, a large language ocean.\nA small river named Duden flows by their place and supplies it with the necessary regelialia. It is a paradisematic country, in which roasted parts of sentences fly into your mouth.\nEven the all-powerful Pointing has no control about the bli'),
(35, 2, '證個價始展生與可知率像別過士度這集用什因是老分去們指，情方民物斷費期國起子質我日把我的據帶入書此。言覺濟買教劇們論聽小子語出車可；有了願合。\n子非樓流的裡導物麼清下石？軍多期回的力環其自玩我現：相林持面球幾：兒是安大平好，教分她領十可低政等物於直險想調。方助便作樹……留不場實。\n資自響為注法人藝？\n之兒離呢師房是成們，門術星部不，著離技裡重登！我取管那動興價會用沒給小於家對完？'),
(36, 1, 'Far far away, behind the word mountains, far from the countries Vokalia and Consonantia, there live the blind texts. Separated they live in Bookmarksgrove right at the coast of the Semantics, a large language ocean.\nA small river named Duden flows by their place and supplies it with the necessary regelialia. It is a paradisematic country, in which roasted parts of sentences fly into your mouth.\nEven the all-powerful Pointing has no control about the bli'),
(36, 2, '證個價始展生與可知率像別過士度這集用什因是老分去們指，情方民物斷費期國起子質我日把我的據帶入書此。言覺濟買教劇們論聽小子語出車可；有了願合。\n子非樓流的裡導物麼清下石？軍多期回的力環其自玩我現：相林持面球幾：兒是安大平好，教分她領十可低政等物於直險想調。方助便作樹……留不場實。\n資自響為注法人藝？\n之兒離呢師房是成們，門術星部不，著離技裡重登！我取管那動興價會用沒給小於家對完？'),
(37, 1, 'Far far away, behind the word mountains, far from the countries Vokalia and Consonantia, there live the blind texts. Separated they live in Bookmarksgrove right at the coast of the Semantics, a large language ocean.\nA small river named Duden flows by their place and supplies it with the necessary regelialia. It is a paradisematic country, in which roasted parts of sentences fly into your mouth.\nEven the all-powerful Pointing has no control about the bli'),
(37, 2, '證個價始展生與可知率像別過士度這集用什因是老分去們指，情方民物斷費期國起子質我日把我的據帶入書此。言覺濟買教劇們論聽小子語出車可；有了願合。\n子非樓流的裡導物麼清下石？軍多期回的力環其自玩我現：相林持面球幾：兒是安大平好，教分她領十可低政等物於直險想調。方助便作樹……留不場實。\n資自響為注法人藝？\n之兒離呢師房是成們，門術星部不，著離技裡重登！我取管那動興價會用沒給小於家對完？'),
(38, 1, 'Far far away, behind the word mountains, far from the countries Vokalia and Consonantia, there live the blind texts. Separated they live in Bookmarksgrove right at the coast of the Semantics, a large language ocean.\nA small river named Duden flows by their place and supplies it with the necessary regelialia. It is a paradisematic country, in which roasted parts of sentences fly into your mouth.\nEven the all-powerful Pointing has no control about the bli'),
(38, 2, '證個價始展生與可知率像別過士度這集用什因是老分去們指，情方民物斷費期國起子質我日把我的據帶入書此。言覺濟買教劇們論聽小子語出車可；有了願合。\n子非樓流的裡導物麼清下石？軍多期回的力環其自玩我現：相林持面球幾：兒是安大平好，教分她領十可低政等物於直險想調。方助便作樹……留不場實。\n資自響為注法人藝？\n之兒離呢師房是成們，門術星部不，著離技裡重登！我取管那動興價會用沒給小於家對完？'),
(39, 1, 'Far far away, behind the word mountains, far from the countries Vokalia and Consonantia, there live the blind texts. Separated they live in Bookmarksgrove right at the coast of the Semantics, a large language ocean.\nA small river named Duden flows by their place and supplies it with the necessary regelialia. It is a paradisematic country, in which roasted parts of sentences fly into your mouth.\nEven the all-powerful Pointing has no control about the bli'),
(39, 2, '證個價始展生與可知率像別過士度這集用什因是老分去們指，情方民物斷費期國起子質我日把我的據帶入書此。言覺濟買教劇們論聽小子語出車可；有了願合。\n子非樓流的裡導物麼清下石？軍多期回的力環其自玩我現：相林持面球幾：兒是安大平好，教分她領十可低政等物於直險想調。方助便作樹……留不場實。\n資自響為注法人藝？\n之兒離呢師房是成們，門術星部不，著離技裡重登！我取管那動興價會用沒給小於家對完？'),
(40, 1, 'Far far away, behind the word mountains, far from the countries Vokalia and Consonantia, there live the blind texts. Separated they live in Bookmarksgrove right at the coast of the Semantics, a large language ocean.\nA small river named Duden flows by their place and supplies it with the necessary regelialia. It is a paradisematic country, in which roasted parts of sentences fly into your mouth.\nEven the all-powerful Pointing has no control about the bli'),
(40, 2, '證個價始展生與可知率像別過士度這集用什因是老分去們指，情方民物斷費期國起子質我日把我的據帶入書此。言覺濟買教劇們論聽小子語出車可；有了願合。\n子非樓流的裡導物麼清下石？軍多期回的力環其自玩我現：相林持面球幾：兒是安大平好，教分她領十可低政等物於直險想調。方助便作樹……留不場實。\n資自響為注法人藝？\n之兒離呢師房是成們，門術星部不，著離技裡重登！我取管那動興價會用沒給小於家對完？'),
(41, 1, 'Far far away, behind the word mountains, far from the countries Vokalia and Consonantia, there live the blind texts. Separated they live in Bookmarksgrove right at the coast of the Semantics, a large language ocean.\nA small river named Duden flows by their place and supplies it with the necessary regelialia. It is a paradisematic country, in which roasted parts of sentences fly into your mouth.\nEven the all-powerful Pointing has no control about the bli'),
(41, 2, '證個價始展生與可知率像別過士度這集用什因是老分去們指，情方民物斷費期國起子質我日把我的據帶入書此。言覺濟買教劇們論聽小子語出車可；有了願合。\n子非樓流的裡導物麼清下石？軍多期回的力環其自玩我現：相林持面球幾：兒是安大平好，教分她領十可低政等物於直險想調。方助便作樹……留不場實。\n資自響為注法人藝？\n之兒離呢師房是成們，門術星部不，著離技裡重登！我取管那動興價會用沒給小於家對完？'),
(42, 1, 'Far far away, behind the word mountains, far from the countries Vokalia and Consonantia, there live the blind texts. Separated they live in Bookmarksgrove right at the coast of the Semantics, a large language ocean.\nA small river named Duden flows by their place and supplies it with the necessary regelialia. It is a paradisematic country, in which roasted parts of sentences fly into your mouth.\nEven the all-powerful Pointing has no control about the bli'),
(42, 2, '證個價始展生與可知率像別過士度這集用什因是老分去們指，情方民物斷費期國起子質我日把我的據帶入書此。言覺濟買教劇們論聽小子語出車可；有了願合。\n子非樓流的裡導物麼清下石？軍多期回的力環其自玩我現：相林持面球幾：兒是安大平好，教分她領十可低政等物於直險想調。方助便作樹……留不場實。\n資自響為注法人藝？\n之兒離呢師房是成們，門術星部不，著離技裡重登！我取管那動興價會用沒給小於家對完？'),
(43, 1, 'Far far away, behind the word mountains, far from the countries Vokalia and Consonantia, there live the blind texts. Separated they live in Bookmarksgrove right at the coast of the Semantics, a large language ocean.\nA small river named Duden flows by their place and supplies it with the necessary regelialia. It is a paradisematic country, in which roasted parts of sentences fly into your mouth.\nEven the all-powerful Pointing has no control about the bli'),
(43, 2, '證個價始展生與可知率像別過士度這集用什因是老分去們指，情方民物斷費期國起子質我日把我的據帶入書此。言覺濟買教劇們論聽小子語出車可；有了願合。\n子非樓流的裡導物麼清下石？軍多期回的力環其自玩我現：相林持面球幾：兒是安大平好，教分她領十可低政等物於直險想調。方助便作樹……留不場實。\n資自響為注法人藝？\n之兒離呢師房是成們，門術星部不，著離技裡重登！我取管那動興價會用沒給小於家對完？'),
(44, 1, 'Far far away, behind the word mountains, far from the countries Vokalia and Consonantia, there live the blind texts. Separated they live in Bookmarksgrove right at the coast of the Semantics, a large language ocean.\nA small river named Duden flows by their place and supplies it with the necessary regelialia. It is a paradisematic country, in which roasted parts of sentences fly into your mouth.\nEven the all-powerful Pointing has no control about the bli'),
(44, 2, '證個價始展生與可知率像別過士度這集用什因是老分去們指，情方民物斷費期國起子質我日把我的據帶入書此。言覺濟買教劇們論聽小子語出車可；有了願合。\n子非樓流的裡導物麼清下石？軍多期回的力環其自玩我現：相林持面球幾：兒是安大平好，教分她領十可低政等物於直險想調。方助便作樹……留不場實。\n資自響為注法人藝？\n之兒離呢師房是成們，門術星部不，著離技裡重登！我取管那動興價會用沒給小於家對完？'),
(45, 1, 'Far far away, behind the word mountains, far from the countries Vokalia and Consonantia, there live the blind texts. Separated they live in Bookmarksgrove right at the coast of the Semantics, a large language ocean.\nA small river named Duden flows by their place and supplies it with the necessary regelialia. It is a paradisematic country, in which roasted parts of sentences fly into your mouth.\nEven the all-powerful Pointing has no control about the bli'),
(45, 2, '證個價始展生與可知率像別過士度這集用什因是老分去們指，情方民物斷費期國起子質我日把我的據帶入書此。言覺濟買教劇們論聽小子語出車可；有了願合。\n子非樓流的裡導物麼清下石？軍多期回的力環其自玩我現：相林持面球幾：兒是安大平好，教分她領十可低政等物於直險想調。方助便作樹……留不場實。\n資自響為注法人藝？\n之兒離呢師房是成們，門術星部不，著離技裡重登！我取管那動興價會用沒給小於家對完？'),
(46, 1, 'Far far away, behind the word mountains, far from the countries Vokalia and Consonantia, there live the blind texts. Separated they live in Bookmarksgrove right at the coast of the Semantics, a large language ocean.\nA small river named Duden flows by their place and supplies it with the necessary regelialia. It is a paradisematic country, in which roasted parts of sentences fly into your mouth.\nEven the all-powerful Pointing has no control about the bli'),
(46, 2, '證個價始展生與可知率像別過士度這集用什因是老分去們指，情方民物斷費期國起子質我日把我的據帶入書此。言覺濟買教劇們論聽小子語出車可；有了願合。\n子非樓流的裡導物麼清下石？軍多期回的力環其自玩我現：相林持面球幾：兒是安大平好，教分她領十可低政等物於直險想調。方助便作樹……留不場實。\n資自響為注法人藝？\n之兒離呢師房是成們，門術星部不，著離技裡重登！我取管那動興價會用沒給小於家對完？'),
(47, 1, 'Far far away, behind the word mountains, far from the countries Vokalia and Consonantia, there live the blind texts. Separated they live in Bookmarksgrove right at the coast of the Semantics, a large language ocean.\nA small river named Duden flows by their place and supplies it with the necessary regelialia. It is a paradisematic country, in which roasted parts of sentences fly into your mouth.\nEven the all-powerful Pointing has no control about the bli'),
(47, 2, '證個價始展生與可知率像別過士度這集用什因是老分去們指，情方民物斷費期國起子質我日把我的據帶入書此。言覺濟買教劇們論聽小子語出車可；有了願合。\n子非樓流的裡導物麼清下石？軍多期回的力環其自玩我現：相林持面球幾：兒是安大平好，教分她領十可低政等物於直險想調。方助便作樹……留不場實。\n資自響為注法人藝？\n之兒離呢師房是成們，門術星部不，著離技裡重登！我取管那動興價會用沒給小於家對完？'),
(48, 1, 'Far far away, behind the word mountains, far from the countries Vokalia and Consonantia, there live the blind texts. Separated they live in Bookmarksgrove right at the coast of the Semantics, a large language ocean.\nA small river named Duden flows by their place and supplies it with the necessary regelialia. It is a paradisematic country, in which roasted parts of sentences fly into your mouth.\nEven the all-powerful Pointing has no control about the bli'),
(48, 2, '證個價始展生與可知率像別過士度這集用什因是老分去們指，情方民物斷費期國起子質我日把我的據帶入書此。言覺濟買教劇們論聽小子語出車可；有了願合。\n子非樓流的裡導物麼清下石？軍多期回的力環其自玩我現：相林持面球幾：兒是安大平好，教分她領十可低政等物於直險想調。方助便作樹……留不場實。\n資自響為注法人藝？\n之兒離呢師房是成們，門術星部不，著離技裡重登！我取管那動興價會用沒給小於家對完？'),
(49, 1, 'Far far away, behind the word mountains, far from the countries Vokalia and Consonantia, there live the blind texts. Separated they live in Bookmarksgrove right at the coast of the Semantics, a large language ocean.\nA small river named Duden flows by their place and supplies it with the necessary regelialia. It is a paradisematic country, in which roasted parts of sentences fly into your mouth.\nEven the all-powerful Pointing has no control about the bli'),
(49, 2, '證個價始展生與可知率像別過士度這集用什因是老分去們指，情方民物斷費期國起子質我日把我的據帶入書此。言覺濟買教劇們論聽小子語出車可；有了願合。\n子非樓流的裡導物麼清下石？軍多期回的力環其自玩我現：相林持面球幾：兒是安大平好，教分她領十可低政等物於直險想調。方助便作樹……留不場實。\n資自響為注法人藝？\n之兒離呢師房是成們，門術星部不，著離技裡重登！我取管那動興價會用沒給小於家對完？');

-- --------------------------------------------------------

--
-- Structure de la table `avoir`
--

DROP TABLE IF EXISTS `avoir`;
CREATE TABLE IF NOT EXISTS `avoir` (
  `id_pic` int(11) NOT NULL,
  `id_tri` int(11) NOT NULL,
  `id_oeuvre` int(11) NOT NULL,
  `id_type` int(11) NOT NULL,
  PRIMARY KEY (`id_pic`,`id_tri`,`id_oeuvre`,`id_type`),
  KEY `Avoir_TROIS_DIMENSIONS0_FK` (`id_tri`),
  KEY `Avoir_OEUVRES1_FK` (`id_oeuvre`),
  KEY `Avoir_TYPES2_FK` (`id_type`)
) ENGINE=InnoDB DEFAULT CHARSET=utf8;

--
-- Déchargement des données de la table `avoir`
--

INSERT INTO `avoir` (`id_pic`, `id_tri`, `id_oeuvre`, `id_type`) VALUES
(1, 1, 2, 9),
(1, 1, 8, 6),
(1, 1, 9, 6),
(1, 1, 10, 6),
(1, 1, 23, 6),
(1, 1, 29, 9),
(1, 1, 34, 6),
(1, 1, 35, 9),
(1, 1, 36, 9),
(1, 1, 40, 9),
(1, 1, 44, 6),
(1, 1, 46, 9),
(1, 1, 47, 9),
(1, 1, 48, 9),
(1, 1, 50, 9),
(1, 1, 52, 6),
(1, 1, 56, 9),
(1, 1, 59, 9),
(1, 1, 61, 9),
(1, 1, 63, 9),
(1, 1, 64, 9),
(1, 1, 65, 9),
(1, 1, 66, 9),
(1, 1, 67, 6),
(1, 1, 69, 6),
(1, 1, 79, 6),
(1, 1, 86, 6),
(1, 1, 89, 9),
(1, 1, 90, 6),
(1, 1, 91, 9),
(1, 1, 92, 6),
(1, 1, 96, 9),
(1, 1, 97, 6),
(1, 1, 99, 9),
(1, 1, 104, 9),
(1, 1, 106, 9),
(1, 1, 107, 6),
(1, 1, 118, 9),
(1, 1, 123, 6),
(1, 1, 127, 9),
(1, 1, 128, 9),
(1, 1, 129, 6),
(1, 1, 131, 9),
(1, 1, 136, 6),
(1, 1, 138, 9),
(1, 1, 140, 9),
(1, 1, 142, 9),
(1, 1, 144, 9),
(1, 1, 145, 6),
(1, 1, 146, 6),
(1, 1, 147, 9),
(1, 1, 160, 6),
(1, 1, 161, 6),
(1, 1, 162, 9),
(1, 1, 169, 6),
(1, 1, 170, 9),
(1, 1, 171, 9),
(1, 1, 172, 9),
(1, 1, 179, 6),
(1, 1, 184, 6),
(1, 1, 186, 9),
(1, 1, 191, 6),
(1, 1, 195, 9),
(1, 1, 197, 9),
(1, 1, 199, 6),
(1, 1, 208, 6),
(1, 1, 210, 9),
(1, 1, 212, 9),
(1, 1, 213, 6),
(1, 1, 215, 6),
(1, 1, 224, 6),
(1, 1, 228, 9),
(1, 1, 230, 9),
(1, 1, 231, 9),
(1, 1, 233, 6),
(1, 1, 235, 6),
(1, 1, 242, 9),
(1, 1, 245, 9),
(1, 1, 247, 6),
(1, 1, 248, 6),
(2, 1, 153, 14),
(3, 1, 133, 5),
(4, 1, 156, 8),
(5, 1, 237, 1),
(6, 1, 209, 8),
(7, 1, 198, 5),
(8, 1, 16, 10),
(9, 1, 41, 12),
(10, 1, 17, 8),
(11, 1, 110, 12),
(12, 1, 226, 10),
(13, 1, 150, 8),
(14, 1, 185, 5),
(15, 1, 205, 14),
(16, 1, 87, 12),
(17, 1, 49, 5),
(18, 1, 20, 14),
(19, 1, 31, 3),
(20, 1, 174, 5),
(21, 1, 126, 5),
(22, 1, 165, 3),
(23, 1, 134, 3),
(24, 1, 141, 14),
(25, 1, 176, 1),
(26, 1, 238, 1),
(27, 1, 68, 14),
(28, 1, 98, 8),
(29, 1, 95, 3),
(30, 1, 200, 5),
(31, 1, 157, 8),
(32, 1, 75, 2),
(33, 1, 108, 12),
(34, 1, 18, 8),
(35, 1, 83, 3),
(36, 1, 203, 2),
(37, 1, 183, 10),
(38, 1, 217, 10),
(39, 1, 105, 1),
(40, 1, 250, 10),
(41, 1, 121, 3),
(42, 1, 214, 2),
(43, 1, 54, 2),
(44, 1, 135, 5),
(45, 1, 189, 14),
(46, 1, 167, 12),
(47, 1, 166, 14),
(48, 1, 206, 14),
(49, 1, 100, 1),
(50, 1, 11, 14),
(51, 1, 27, 12),
(52, 1, 193, 10),
(53, 1, 85, 12),
(54, 1, 158, 5),
(55, 1, 119, 1),
(56, 1, 15, 2),
(57, 1, 39, 1),
(58, 1, 201, 5),
(59, 1, 81, 5),
(60, 1, 151, 12),
(61, 1, 130, 3),
(62, 1, 241, 12),
(63, 1, 163, 3),
(64, 1, 25, 5),
(65, 1, 216, 5),
(66, 1, 190, 8),
(67, 1, 234, 12),
(68, 1, 76, 5),
(69, 1, 42, 8),
(70, 1, 22, 12),
(71, 1, 155, 10),
(72, 1, 1, 8),
(73, 1, 3, 14),
(74, 1, 93, 3),
(75, 1, 187, 8),
(76, 1, 60, 5),
(77, 1, 115, 1),
(78, 1, 220, 14),
(79, 1, 80, 8),
(80, 1, 70, 14),
(81, 1, 225, 8),
(82, 1, 143, 5),
(83, 1, 182, 5),
(84, 1, 159, 10),
(85, 1, 26, 14),
(86, 1, 101, 5),
(1, 2, 78, 11),
(1, 3, 21, 11),
(1, 4, 175, 7),
(1, 5, 37, 7),
(1, 6, 168, 4),
(1, 7, 6, 13),
(1, 8, 240, 4),
(1, 9, 94, 11),
(1, 10, 181, 11),
(1, 11, 246, 11),
(1, 12, 112, 13),
(1, 13, 137, 11),
(1, 14, 4, 11),
(1, 15, 125, 4),
(1, 16, 152, 13),
(1, 17, 45, 13),
(1, 18, 211, 7),
(1, 19, 207, 4),
(1, 20, 232, 13),
(1, 21, 38, 11),
(1, 22, 19, 11),
(1, 23, 117, 4),
(1, 24, 229, 7),
(1, 25, 219, 4),
(1, 26, 180, 11),
(1, 27, 113, 7),
(1, 28, 149, 11),
(1, 29, 164, 11),
(1, 30, 53, 4),
(1, 31, 196, 13),
(1, 32, 202, 11),
(1, 33, 103, 4),
(1, 34, 111, 4),
(1, 35, 244, 13),
(1, 36, 173, 7),
(1, 37, 120, 7),
(1, 38, 222, 7),
(1, 39, 55, 4),
(1, 40, 243, 4),
(1, 41, 13, 7),
(1, 42, 218, 11),
(1, 43, 109, 13),
(1, 44, 139, 4),
(1, 45, 62, 13),
(1, 46, 239, 13),
(1, 47, 73, 7),
(1, 48, 221, 7),
(1, 49, 43, 7),
(1, 50, 5, 7),
(1, 51, 82, 7),
(1, 52, 12, 11),
(1, 53, 204, 13),
(1, 54, 192, 13),
(1, 55, 114, 7),
(1, 56, 116, 4),
(1, 57, 57, 13),
(1, 58, 7, 4),
(1, 59, 122, 4),
(1, 60, 102, 4),
(1, 61, 14, 13),
(1, 62, 88, 4),
(1, 63, 32, 13),
(1, 64, 227, 7),
(1, 65, 51, 7),
(1, 66, 28, 11),
(1, 67, 33, 4),
(1, 68, 132, 7),
(1, 69, 249, 13),
(1, 70, 223, 4),
(1, 71, 194, 4),
(1, 72, 124, 4),
(1, 73, 178, 4),
(1, 74, 30, 7),
(1, 75, 77, 7),
(1, 76, 24, 13),
(1, 77, 71, 4),
(1, 78, 177, 13),
(1, 79, 84, 7),
(1, 80, 74, 11),
(1, 81, 154, 11),
(1, 82, 188, 7),
(1, 83, 72, 4),
(1, 84, 148, 13),
(1, 85, 58, 13),
(1, 86, 236, 4);

-- --------------------------------------------------------

--
-- Structure de la table `collaborateurs`
--

DROP TABLE IF EXISTS `collaborateurs`;
CREATE TABLE IF NOT EXISTS `collaborateurs` (
  `id_co` varchar(3) NOT NULL COMMENT 'ex : Guillaume Hénaud = GHD / Le trigramme sert aussi de login',
  `privilege_co` enum('admin','user') NOT NULL DEFAULT 'user',
  `nom_co` varchar(100) NOT NULL,
  `prenom_co` varchar(100) NOT NULL,
  `email_co` varchar(100) NOT NULL,
  `pwd_co` varchar(10) CHARACTER SET utf8 COLLATE utf8_bin NOT NULL,
  PRIMARY KEY (`id_co`),
  UNIQUE KEY `COLLABORATEURS_AK` (`email_co`,`pwd_co`)
) ENGINE=InnoDB DEFAULT CHARSET=utf8;

--
-- Déchargement des données de la table `collaborateurs`
--

INSERT INTO `collaborateurs` (`id_co`, `privilege_co`, `nom_co`, `prenom_co`, `email_co`, `pwd_co`) VALUES
('bje', 'user', 'BOUN', 'Jeanine', 'b.jeanine@gmail.com', '$iL+!qR#T~'),
('bjl', 'user', 'BOULLICAUD', 'Jean-Paul', 'b.jean-paul@gmail.com', ']eg>#4#J=x'),
('bmt', 'user', 'BARRANDON', 'Margaret', 'b.margaret@gmail.com', 'b3<<MVFQ{c'),
('bne', 'user', 'BONNAY', 'Nadège', 'b.nadège@gmail.com', '1?\\Uxsckr8'),
('brr', 'user', 'BERTRAND', 'Roger', 'b.roger@gmail.com', 'cJR06~AF[w'),
('cje', 'user', 'CHEHMAT', 'Jocelyne', 'c.jocelyne@gmail.com', '<h>3N-ryhM'),
('dhe', 'user', 'DONG', 'Huguette', 'd.huguette@gmail.com', 'RO(2IQOpF9'),
('die', 'user', 'DESHAYES', 'Isabelle', 'd.isabelle@gmail.com', '8uD>~7-fAQ'),
('dre', 'user', 'DAMBSKI', 'René', 'd.rené@gmail.com', 'U#p4b(n/T('),
('ene', 'user', 'EL KAABI', 'Nicole', 'e.nicole@gmail.com', ':5n9iS7&\\.'),
('fjl', 'admin', 'FIORET', 'Jean-Michel', 'f.jean-michel@gmail.com', ':9Bqr<,|pl'),
('fml', 'user', 'FAUCHEUX', 'Michel', 'f.michel@gmail.com', '2@>GYV#B%X'),
('ghe', 'user', 'GLYNATSIS', 'Hervé', 'g.hervé@gmail.com', 'pVq<~a[T.i'),
('gjn', 'user', 'GIRAUDO', 'Jean', 'g.jean@gmail.com', '\"Om\\`bq2^M'),
('hbe', 'user', 'HERSELIN', 'Brigitte', 'h.brigitte@gmail.com', '?u@IA./zfj'),
('ise', 'user', 'ILARDO', 'Sylvie', 'i.sylvie@gmail.com', '\"V,Sc}hV+k'),
('mgs', 'user', 'MIANET', 'Georges', 'm.georges@gmail.com', 'f~mn]|q!Z['),
('mje', 'user', 'MERLAUD', 'Jacqueline', 'm.jacqueline@gmail.com', 'DLHKJ-`Bs#'),
('mji', 'user', 'MOITA', 'Jeanne-Marie', 'm.jeanne-marie@gmail.com', 'Z8g?)Vt:v0'),
('mjn', 'user', 'MARTIN', 'Jacqueline', 'm.jacqueline@gmail.com', 'KKV]Or$au-'),
('mve', 'user', 'MECHARD', 'Véronique', 'm.véronique@gmail.com', '!~{%t;EdB,'),
('ppl', 'user', 'PERFETTO', 'Pascal', 'p.pascal@gmail.com', '\'F>|jk1W}+'),
('tae', 'user', 'TANG', 'Armelle', 't.armelle@gmail.com', '=^cCyilCIW'),
('tsn', 'user', 'THAO', 'Sylvain', 't.sylvain@gmail.com', 'X)OMaQW/&g'),
('zme', 'user', 'ZANOTI', 'Monique', 'z.monique@gmail.com', 'MWIo}m:-S>');

-- --------------------------------------------------------

--
-- Structure de la table `collectifs`
--

DROP TABLE IF EXISTS `collectifs`;
CREATE TABLE IF NOT EXISTS `collectifs` (
  `id_col` int(11) NOT NULL AUTO_INCREMENT,
  `nom_col` varchar(100) DEFAULT NULL,
  `info_col` varchar(1000) DEFAULT NULL,
  PRIMARY KEY (`id_col`)
) ENGINE=InnoDB AUTO_INCREMENT=6 DEFAULT CHARSET=utf8;

--
-- Déchargement des données de la table `collectifs`
--

INSERT INTO `collectifs` (`id_col`, `nom_col`, `info_col`) VALUES
(1, NULL, NULL),
(2, 'Les Gilets Jaunes', 'Lorem ipsum dolor sit amet, consectetur adipiscing elit, sed do eiusmod tempor incididunt ut labore et dolore magna aliqua. Ut enim ad minim veniam, quis nostrud exercitation ullamco laboris nisi ut aliquip ex ea commodo consequat.'),
(3, 'Les Clowns du 93', 'Lorem ipsum dolor sit amet, consectetur adipiscing elit, sed do eiusmod tempor incididunt ut labore et dolore magna aliqua. Ut enim ad minim veniam, quis nostrud exercitation ullamco laboris nisi ut aliquip ex ea commodo consequat.'),
(4, 'Bansky & Co', 'Lorem ipsum dolor sit amet, consectetur adipiscing elit, sed do eiusmod tempor incididunt ut labore et dolore magna aliqua. Ut enim ad minim veniam, quis nostrud exercitation ullamco laboris nisi ut aliquip ex ea commodo consequat.'),
(5, 'Les Castors Allumés', 'Lorem ipsum dolor sit amet, consectetur adipiscing elit, sed do eiusmod tempor incididunt ut labore et dolore magna aliqua. Ut enim ad minim veniam, quis nostrud exercitation ullamco laboris nisi ut aliquip ex ea commodo consequat.');

-- --------------------------------------------------------

--
-- Structure de la table `collectifs_trad`
--

DROP TABLE IF EXISTS `collectifs_trad`;
CREATE TABLE IF NOT EXISTS `collectifs_trad` (
  `id_langue` int(11) NOT NULL,
  `id_col` int(11) NOT NULL,
  `info_col_trad` varchar(1000) DEFAULT NULL,
  PRIMARY KEY (`id_langue`,`id_col`),
  KEY `Collectifs_trad_COLLECTIFS0_FK` (`id_col`)
) ENGINE=InnoDB DEFAULT CHARSET=utf8;

--
-- Déchargement des données de la table `collectifs_trad`
--

INSERT INTO `collectifs_trad` (`id_langue`, `id_col`, `info_col_trad`) VALUES
(1, 1, NULL),
(1, 2, 'The Big Oxmox advised her not to do so, because there were thousands of bad Commas, wild Question Marks and devious Semikoli, but the Little Blind Text didn’t listen. She packed her seven versalia, put her initial into the belt and made herself on the way.\nWhen she reached the first hills of the Italic Mountains, she had a last view back on the skyline of her hometown Bookmarksgrove, the headline of Alphabet Village and the subline of her own road, the Line Lane. Pityful a rethoric question ran over her cheek, then '),
(1, 3, 'The Big Oxmox advised her not to do so, because there were thousands of bad Commas, wild Question Marks and devious Semikoli, but the Little Blind Text didn’t listen. She packed her seven versalia, put her initial into the belt and made herself on the way.\nWhen she reached the first hills of the Italic Mountains, she had a last view back on the skyline of her hometown Bookmarksgrove, the headline of Alphabet Village and the subline of her own road, the Line Lane. Pityful a rethoric question ran over her cheek, then '),
(1, 4, 'The Big Oxmox advised her not to do so, because there were thousands of bad Commas, wild Question Marks and devious Semikoli, but the Little Blind Text didn’t listen. She packed her seven versalia, put her initial into the belt and made herself on the way.\nWhen she reached the first hills of the Italic Mountains, she had a last view back on the skyline of her hometown Bookmarksgrove, the headline of Alphabet Village and the subline of her own road, the Line Lane. Pityful a rethoric question ran over her cheek, then '),
(1, 5, 'The Big Oxmox advised her not to do so, because there were thousands of bad Commas, wild Question Marks and devious Semikoli, but the Little Blind Text didn’t listen. She packed her seven versalia, put her initial into the belt and made herself on the way.\nWhen she reached the first hills of the Italic Mountains, she had a last view back on the skyline of her hometown Bookmarksgrove, the headline of Alphabet Village and the subline of her own road, the Line Lane. Pityful a rethoric question ran over her cheek, then '),
(2, 1, NULL),
(2, 2, '現的自接我帶。他受很多去年，道經我書動千數辦隊大吃在送以在下內的業，不你神極牛外久代間落證國學麼臺本一個仍年等親過向方聲次出夠；動要送說包。\n寶大的愛，感球例清率國人好，也天外星外會河是歡子子童入，己整論進母他著人己……單寶商有清一著主東多先現跑處我門；母中事血。'),
(2, 3, '現的自接我帶。他受很多去年，道經我書動千數辦隊大吃在送以在下內的業，不你神極牛外久代間落證國學麼臺本一個仍年等親過向方聲次出夠；動要送說包。\n寶大的愛，感球例清率國人好，也天外星外會河是歡子子童入，己整論進母他著人己……單寶商有清一著主東多先現跑處我門；母中事血。'),
(2, 4, '現的自接我帶。他受很多去年，道經我書動千數辦隊大吃在送以在下內的業，不你神極牛外久代間落證國學麼臺本一個仍年等親過向方聲次出夠；動要送說包。\n寶大的愛，感球例清率國人好，也天外星外會河是歡子子童入，己整論進母他著人己……單寶商有清一著主東多先現跑處我門；母中事血。'),
(2, 5, '現的自接我帶。他受很多去年，道經我書動千數辦隊大吃在送以在下內的業，不你神極牛外久代間落證國學麼臺本一個仍年等親過向方聲次出夠；動要送說包。\n寶大的愛，感球例清率國人好，也天外星外會河是歡子子童入，己整論進母他著人己……單寶商有清一著主東多先現跑處我門；母中事血。');

-- --------------------------------------------------------

--
-- Structure de la table `composer`
--

DROP TABLE IF EXISTS `composer`;
CREATE TABLE IF NOT EXISTS `composer` (
  `id_oeuvre` int(11) NOT NULL,
  `id_expo` int(11) NOT NULL,
  `num_emp` varchar(4) NOT NULL COMMENT 'Ex : 1-8 (espace 1 / emplacement 8) ; 2-20 (espace 2 / emplacement 20) Tous les emplacements sont viruellements compatibles avec tous les types d''oeuvres',
  `livraison_oeuvre` date DEFAULT NULL,
  `click_oeuvre` int(11) NOT NULL DEFAULT '0',
  `jeu_de_piste` tinyint(1) NOT NULL DEFAULT '0' COMMENT 'Valeur booléenne',
  PRIMARY KEY (`id_oeuvre`,`id_expo`,`num_emp`),
  KEY `Composer_EXPOSITIONS0_FK` (`id_expo`),
  KEY `Composer_EMPLACEMENTS1_FK` (`num_emp`)
) ENGINE=InnoDB DEFAULT CHARSET=utf8;

--
-- Déchargement des données de la table `composer`
--

INSERT INTO `composer` (`id_oeuvre`, `id_expo`, `num_emp`, `livraison_oeuvre`, `click_oeuvre`, `jeu_de_piste`) VALUES
(1, 1, '1-01', '2019-01-24', 193, 0),
(2, 1, '1-02', '2019-01-05', 168, 0),
(3, 1, '1-03', '2019-01-13', 139, 0),
(4, 1, '1-04', NULL, 171, 0),
(4, 2, '2-01', NULL, 0, 0),
(5, 1, '1-05', '2018-12-26', 10, 0),
(6, 1, '1-06', '2018-12-28', 51, 0),
(7, 1, '1-07', '2018-12-24', 183, 0),
(8, 1, '1-08', '2019-01-21', 111, 0),
(9, 1, '1-09', '2019-01-10', 74, 1),
(10, 1, '1-10', '2019-01-08', 181, 0),
(11, 1, '2-01', '2019-01-05', 162, 0),
(12, 1, '2-02', '2018-12-28', 170, 0),
(14, 1, '2-04', '2019-01-08', 168, 0),
(15, 1, '2-05', '2019-01-11', 180, 0),
(16, 1, '2-06', '2019-01-01', 0, 0),
(17, 1, '2-07', '2018-12-23', 33, 0),
(18, 1, '2-08', '2019-01-10', 145, 1),
(19, 1, '2-09', '2019-01-11', 188, 0),
(20, 1, '2-10', '2019-01-07', 103, 0),
(22, 1, '2-12', '2019-01-07', 9, 0),
(23, 1, '2-13', '2018-12-23', 169, 0),
(24, 1, '2-14', '2018-12-27', 178, 0),
(25, 1, '2-15', '2019-01-03', 52, 1),
(26, 1, '2-16', '2018-12-21', 112, 0),
(27, 1, '2-17', '2019-01-23', 14, 0),
(28, 1, '2-18', '2019-01-12', 54, 0),
(29, 1, '2-19', '2019-01-18', 124, 0),
(30, 1, '2-20', '2019-01-08', 12, 1),
(31, 1, '2-21', '2019-01-14', 43, 0),
(32, 1, '2-22', '2018-12-23', 88, 0),
(33, 6, '1-01', NULL, 0, 0),
(34, 1, '2-24', '2019-01-06', 72, 0),
(35, 1, '2-25', '2019-01-11', 179, 0),
(36, 1, '2-26', '2019-01-13', 158, 0),
(37, 1, '2-27', '2018-12-30', 182, 0),
(38, 1, '2-28', '2019-01-19', 188, 0),
(39, 1, '2-29', '2019-01-24', 73, 1),
(40, 1, '2-30', '2019-01-20', 145, 0),
(41, 2, '1-01', NULL, 0, 0),
(42, 2, '1-02', NULL, 0, 0),
(43, 2, '1-03', NULL, 0, 0),
(44, 2, '1-04', NULL, 0, 0),
(45, 2, '1-05', NULL, 0, 0),
(46, 2, '1-06', NULL, 0, 0),
(47, 2, '1-07', NULL, 0, 0),
(48, 2, '1-08', NULL, 0, 0),
(49, 2, '1-09', NULL, 0, 0),
(50, 2, '1-10', NULL, 0, 0),
(52, 2, '2-02', NULL, 0, 0),
(53, 2, '2-03', NULL, 0, 0),
(54, 2, '2-04', NULL, 0, 0),
(55, 2, '2-05', NULL, 0, 0),
(56, 2, '2-06', NULL, 0, 0),
(57, 2, '2-07', NULL, 0, 0),
(58, 2, '2-08', NULL, 0, 0),
(59, 2, '2-09', NULL, 0, 0),
(60, 2, '2-10', NULL, 0, 0),
(61, 2, '2-11', NULL, 0, 0),
(62, 2, '2-12', NULL, 0, 0),
(63, 2, '2-13', NULL, 0, 0),
(64, 2, '2-14', NULL, 0, 0),
(65, 2, '2-15', NULL, 0, 0),
(66, 2, '2-16', NULL, 0, 0),
(67, 2, '2-17', NULL, 0, 0),
(68, 2, '2-18', NULL, 0, 0),
(69, 2, '2-19', NULL, 0, 0),
(70, 2, '2-20', NULL, 0, 0),
(71, 2, '2-21', NULL, 0, 0),
(72, 2, '2-22', NULL, 0, 0),
(73, 2, '2-23', NULL, 0, 0),
(74, 2, '2-24', NULL, 0, 0),
(75, 2, '2-25', NULL, 0, 0),
(76, 2, '2-26', NULL, 0, 0),
(77, 2, '2-27', NULL, 0, 0),
(78, 2, '2-28', NULL, 0, 0),
(79, 2, '2-29', NULL, 0, 0),
(80, 2, '2-30', NULL, 0, 0),
(81, 3, '1-01', NULL, 0, 0),
(82, 3, '1-02', NULL, 0, 0),
(83, 3, '1-03', NULL, 0, 0),
(84, 3, '1-04', NULL, 0, 0),
(85, 3, '1-05', NULL, 0, 0),
(86, 3, '1-06', NULL, 0, 0),
(87, 3, '1-07', NULL, 0, 0),
(88, 3, '1-08', NULL, 0, 0),
(89, 3, '1-09', NULL, 0, 0),
(90, 3, '1-10', NULL, 0, 0),
(91, 3, '2-01', NULL, 0, 0),
(92, 3, '2-02', NULL, 0, 0),
(93, 3, '2-03', NULL, 0, 0),
(94, 3, '2-04', NULL, 0, 0),
(95, 3, '2-05', NULL, 0, 0),
(96, 3, '2-06', NULL, 0, 0),
(97, 3, '2-07', NULL, 0, 0),
(98, 3, '2-08', NULL, 0, 0),
(99, 3, '2-09', NULL, 0, 0),
(100, 3, '2-10', NULL, 0, 0),
(101, 3, '2-11', NULL, 0, 0),
(102, 3, '2-12', NULL, 0, 0),
(103, 3, '2-13', NULL, 0, 0),
(104, 3, '2-14', NULL, 0, 0),
(105, 3, '2-15', NULL, 0, 0),
(106, 3, '2-16', NULL, 0, 0),
(107, 3, '2-17', NULL, 0, 0),
(108, 3, '2-18', NULL, 0, 0),
(109, 3, '2-19', NULL, 0, 0),
(110, 3, '2-20', NULL, 0, 0),
(111, 3, '2-21', NULL, 0, 0),
(112, 3, '2-22', NULL, 0, 0),
(113, 3, '2-23', NULL, 0, 0),
(114, 3, '2-24', NULL, 0, 0),
(115, 3, '2-25', NULL, 0, 0),
(116, 3, '2-26', NULL, 0, 0),
(117, 3, '2-27', NULL, 0, 0),
(118, 3, '2-28', NULL, 0, 0),
(119, 3, '2-29', NULL, 0, 0),
(120, 3, '2-30', NULL, 0, 0),
(121, 4, '1-01', NULL, 0, 0),
(122, 4, '1-02', NULL, 0, 0),
(123, 4, '1-03', NULL, 0, 0),
(124, 4, '1-04', NULL, 0, 0),
(125, 4, '1-05', NULL, 0, 0),
(126, 4, '1-06', NULL, 0, 0),
(127, 4, '1-07', NULL, 0, 0),
(128, 4, '1-08', NULL, 0, 0),
(129, 4, '1-09', NULL, 0, 0),
(130, 4, '1-10', NULL, 0, 0),
(131, 4, '2-01', NULL, 0, 0),
(132, 4, '2-02', NULL, 0, 0),
(133, 4, '2-03', NULL, 0, 0),
(134, 4, '2-04', NULL, 0, 0),
(135, 4, '2-05', NULL, 0, 0),
(136, 4, '2-06', NULL, 0, 0),
(137, 4, '2-07', NULL, 0, 0),
(138, 4, '2-08', NULL, 0, 0),
(139, 4, '2-09', NULL, 0, 0),
(140, 4, '2-10', NULL, 0, 0),
(141, 4, '2-11', NULL, 0, 0),
(142, 4, '2-12', NULL, 0, 0),
(143, 4, '2-13', NULL, 0, 0),
(144, 4, '2-14', NULL, 0, 0),
(145, 4, '2-15', NULL, 0, 0),
(146, 4, '2-16', NULL, 0, 0),
(147, 4, '2-17', NULL, 0, 0),
(148, 4, '2-18', NULL, 0, 0),
(149, 4, '2-19', NULL, 0, 0),
(150, 4, '2-20', NULL, 0, 0),
(151, 4, '2-21', NULL, 0, 0),
(152, 4, '2-22', NULL, 0, 0),
(153, 4, '2-23', NULL, 0, 0),
(154, 4, '2-24', NULL, 0, 0),
(155, 4, '2-25', NULL, 0, 0),
(156, 4, '2-26', NULL, 0, 0),
(157, 4, '2-27', NULL, 0, 0),
(158, 4, '2-28', NULL, 0, 0),
(159, 4, '2-29', NULL, 0, 0),
(160, 4, '2-30', NULL, 0, 0),
(161, 5, '1-01', NULL, 0, 0),
(162, 5, '1-02', NULL, 0, 0),
(163, 5, '1-03', NULL, 0, 0),
(164, 5, '1-04', NULL, 0, 0),
(165, 5, '1-05', NULL, 0, 0),
(166, 5, '1-06', NULL, 0, 0),
(167, 5, '1-07', NULL, 0, 0),
(168, 5, '1-08', NULL, 0, 0),
(169, 5, '1-09', NULL, 0, 0),
(170, 5, '1-10', NULL, 0, 0),
(171, 5, '2-01', NULL, 0, 0),
(172, 5, '2-02', NULL, 0, 0),
(173, 5, '2-03', NULL, 0, 0),
(174, 5, '2-04', NULL, 0, 0),
(175, 5, '2-05', NULL, 0, 0),
(176, 5, '2-06', NULL, 0, 0),
(177, 5, '2-07', NULL, 0, 0),
(178, 5, '2-08', NULL, 0, 0),
(179, 5, '2-09', NULL, 0, 0),
(180, 5, '2-10', NULL, 0, 0),
(181, 5, '2-11', NULL, 0, 0),
(182, 5, '2-12', NULL, 0, 0),
(183, 5, '2-13', NULL, 0, 0),
(184, 5, '2-14', NULL, 0, 0),
(185, 5, '2-15', NULL, 0, 0),
(186, 5, '2-16', NULL, 0, 0),
(187, 5, '2-17', NULL, 0, 0),
(188, 5, '2-18', NULL, 0, 0),
(189, 5, '2-19', NULL, 0, 0),
(190, 5, '2-20', NULL, 0, 0),
(191, 5, '2-21', NULL, 0, 0),
(192, 5, '2-22', NULL, 0, 0),
(193, 5, '2-23', NULL, 0, 0),
(194, 5, '2-24', NULL, 0, 0),
(195, 5, '2-25', NULL, 0, 0),
(196, 5, '2-26', NULL, 0, 0),
(197, 5, '2-27', NULL, 0, 0),
(198, 5, '2-28', NULL, 0, 0),
(199, 5, '2-29', NULL, 0, 0),
(200, 5, '2-30', NULL, 0, 0);

-- --------------------------------------------------------

--
-- Structure de la table `deux_dimensions`
--

DROP TABLE IF EXISTS `deux_dimensions`;
CREATE TABLE IF NOT EXISTS `deux_dimensions` (
  `id_pic` int(11) NOT NULL AUTO_INCREMENT,
  `longueur_pic` decimal(5,2) UNSIGNED NOT NULL,
  `hauteur_pic` decimal(5,2) UNSIGNED NOT NULL,
  PRIMARY KEY (`id_pic`)
) ENGINE=InnoDB AUTO_INCREMENT=87 DEFAULT CHARSET=utf8;

--
-- Déchargement des données de la table `deux_dimensions`
--

INSERT INTO `deux_dimensions` (`id_pic`, `longueur_pic`, `hauteur_pic`) VALUES
(1, '0.00', '0.00'),
(2, '13.00', '260.00'),
(3, '160.00', '123.00'),
(4, '31.00', '234.00'),
(5, '110.00', '182.00'),
(6, '90.00', '251.00'),
(7, '58.00', '73.00'),
(8, '85.00', '91.00'),
(9, '108.00', '74.00'),
(10, '69.00', '146.00'),
(11, '179.00', '259.00'),
(12, '165.00', '221.00'),
(13, '112.00', '228.00'),
(14, '124.00', '176.00'),
(15, '111.00', '163.00'),
(16, '131.00', '94.00'),
(17, '10.00', '124.00'),
(18, '195.00', '237.00'),
(19, '18.00', '320.00'),
(20, '149.00', '155.00'),
(21, '50.00', '170.00'),
(22, '137.00', '250.00'),
(23, '89.00', '128.00'),
(24, '24.00', '220.00'),
(25, '113.00', '165.00'),
(26, '128.00', '99.00'),
(27, '171.00', '135.00'),
(28, '68.00', '145.00'),
(29, '155.00', '246.00'),
(30, '171.00', '138.00'),
(31, '85.00', '85.00'),
(32, '77.00', '295.00'),
(33, '117.00', '290.00'),
(34, '43.00', '270.00'),
(35, '21.00', '299.00'),
(36, '162.00', '147.00'),
(37, '172.00', '270.00'),
(38, '187.00', '226.00'),
(39, '104.00', '109.00'),
(40, '165.00', '131.00'),
(41, '117.00', '52.00'),
(42, '94.00', '51.00'),
(43, '91.00', '262.00'),
(44, '82.00', '228.00'),
(45, '35.00', '188.00'),
(46, '151.00', '233.00'),
(47, '48.00', '49.00'),
(48, '77.00', '186.00'),
(49, '127.00', '293.00'),
(50, '122.00', '51.00'),
(51, '142.00', '37.00'),
(52, '62.00', '136.00'),
(53, '107.00', '234.00'),
(54, '35.00', '177.00'),
(55, '87.00', '81.00'),
(56, '83.00', '186.00'),
(57, '118.00', '32.00'),
(58, '150.00', '78.00'),
(59, '177.00', '166.00'),
(60, '87.00', '300.00'),
(61, '159.00', '294.00'),
(62, '29.00', '13.00'),
(63, '138.00', '158.00'),
(64, '81.00', '149.00'),
(65, '168.00', '106.00'),
(66, '85.00', '179.00'),
(67, '189.00', '126.00'),
(68, '141.00', '139.00'),
(69, '55.00', '63.00'),
(70, '43.00', '274.00'),
(71, '106.00', '267.00'),
(72, '190.00', '207.00'),
(73, '88.00', '280.00'),
(74, '155.00', '295.00'),
(75, '40.00', '176.00'),
(76, '42.00', '252.00'),
(77, '152.00', '128.00'),
(78, '66.00', '64.00'),
(79, '71.00', '156.00'),
(80, '69.00', '164.00'),
(81, '157.00', '294.00'),
(82, '82.00', '30.00'),
(83, '193.00', '275.00'),
(84, '37.00', '46.00'),
(85, '99.00', '262.00'),
(86, '103.00', '166.00');

-- --------------------------------------------------------

--
-- Structure de la table `emplacements`
--

DROP TABLE IF EXISTS `emplacements`;
CREATE TABLE IF NOT EXISTS `emplacements` (
  `num_emp` varchar(4) NOT NULL COMMENT 'Ex : 1-8 (espace 1 / emplacement 8) ; 2-20 (espace 2 / emplacement 20) Tous les emplacements sont viruellements compatibles avec tous les types d''oeuvres',
  `longueur_emp` decimal(5,2) UNSIGNED NOT NULL,
  `largeur_emp` decimal(5,2) UNSIGNED NOT NULL DEFAULT '0.00' COMMENT 'Un emplacement qui ne peut accueillir qu''une oeuvre de type tableau aura une largeur égale à zéro',
  `hauteur_emp` decimal(5,2) UNSIGNED NOT NULL,
  PRIMARY KEY (`num_emp`)
) ENGINE=InnoDB DEFAULT CHARSET=utf8 COMMENT='Valeur max en Cm = 999,99 soit 9,99 M';

--
-- Déchargement des données de la table `emplacements`
--

INSERT INTO `emplacements` (`num_emp`, `longueur_emp`, `largeur_emp`, `hauteur_emp`) VALUES
('1-01', '200.00', '250.00', '300.00'),
('1-02', '200.00', '250.00', '300.00'),
('1-03', '200.00', '250.00', '300.00'),
('1-04', '200.00', '250.00', '300.00'),
('1-05', '200.00', '250.00', '300.00'),
('1-06', '200.00', '250.00', '300.00'),
('1-07', '200.00', '250.00', '300.00'),
('1-08', '200.00', '250.00', '300.00'),
('1-09', '200.00', '250.00', '300.00'),
('1-10', '200.00', '250.00', '300.00'),
('2-01', '200.00', '250.00', '300.00'),
('2-02', '200.00', '250.00', '300.00'),
('2-03', '200.00', '250.00', '300.00'),
('2-04', '200.00', '250.00', '300.00'),
('2-05', '200.00', '250.00', '300.00'),
('2-06', '200.00', '250.00', '300.00'),
('2-07', '200.00', '250.00', '300.00'),
('2-08', '200.00', '250.00', '300.00'),
('2-09', '200.00', '250.00', '300.00'),
('2-10', '200.00', '250.00', '300.00'),
('2-11', '200.00', '250.00', '300.00'),
('2-12', '200.00', '250.00', '300.00'),
('2-13', '200.00', '250.00', '300.00'),
('2-14', '200.00', '250.00', '300.00'),
('2-15', '200.00', '250.00', '300.00'),
('2-16', '200.00', '250.00', '300.00'),
('2-17', '200.00', '250.00', '300.00'),
('2-18', '200.00', '250.00', '300.00'),
('2-19', '200.00', '250.00', '300.00'),
('2-20', '200.00', '250.00', '300.00'),
('2-21', '200.00', '250.00', '300.00'),
('2-22', '200.00', '250.00', '300.00'),
('2-23', '200.00', '250.00', '300.00'),
('2-24', '200.00', '250.00', '300.00'),
('2-25', '200.00', '250.00', '300.00'),
('2-26', '200.00', '250.00', '300.00'),
('2-27', '200.00', '250.00', '300.00'),
('2-28', '200.00', '250.00', '300.00'),
('2-29', '200.00', '250.00', '300.00'),
('2-30', '200.00', '250.00', '300.00');

-- --------------------------------------------------------

--
-- Structure de la table `expositions`
--

DROP TABLE IF EXISTS `expositions`;
CREATE TABLE IF NOT EXISTS `expositions` (
  `id_expo` int(11) NOT NULL AUTO_INCREMENT,
  `titre_expo` varchar(500) NOT NULL,
  `descriptif_expo` varchar(1000) NOT NULL,
  `debut_expo` date NOT NULL,
  `fin_expo` date NOT NULL,
  PRIMARY KEY (`id_expo`),
  UNIQUE KEY `EXPOSITIONS_AK` (`debut_expo`,`fin_expo`)
) ENGINE=InnoDB AUTO_INCREMENT=7 DEFAULT CHARSET=utf8;

--
-- Déchargement des données de la table `expositions`
--

INSERT INTO `expositions` (`id_expo`, `titre_expo`, `descriptif_expo`, `debut_expo`, `fin_expo`) VALUES
(1, 'Les impressionnistes du XXème siècle', 'Lorem ipsum dolor sit amet, consectetur adipiscing elit, sed do eiusmod tempor incididunt ut labore et dolore magna aliqua. Ut enim ad minim veniam, quis nostrud exercitation ullamco laboris nisi ut aliquip ex ea commodo consequat. Duis aute irure dolor in reprehenderit in voluptate velit esse cillum dolore eu fugiat nulla pariatur. Excepteur sint occaecat cupidatat non proident, sunt in culpa qui officia deserunt mollit anim id est laborum ', '2019-01-19', '2019-02-23'),
(2, 'Rétrospective Marcel Duchamp', 'Lorem ipsum dolor sit amet, consectetur adipiscing elit, sed do eiusmod tempor incididunt ut labore et dolore magna aliqua. Ut enim ad minim veniam, quis nostrud exercitation ullamco laboris nisi ut aliquip ex ea commodo consequat. Duis aute irure dolor in reprehenderit in voluptate velit esse cillum dolore eu fugiat nulla pariatur. Excepteur sint occaecat cupidatat non proident, sunt in culpa qui officia deserunt mollit anim id est laborum', '2018-12-01', '2018-12-30'),
(3, 'Napoléon et ses fidèles ', 'Lorem ipsum dolor sit amet, consectetur adipiscing elit, sed do eiusmod tempor incididunt ut labore et dolore magna aliqua. Ut enim ad minim veniam, quis nostrud exercitation ullamco laboris nisi ut aliquip ex ea commodo consequat. Duis aute irure dolor in reprehenderit in voluptate velit esse cillum dolore eu fugiat nulla pariatur. Excepteur sint occaecat cupidatat non proident, sunt in culpa qui officia deserunt mollit anim id est laborum ', '2019-05-01', '2019-07-03'),
(4, 'Le surréalisme à son paroxysme', 'Lorem ipsum dolor sit amet, consectetur adipiscing elit, sed do eiusmod tempor incididunt ut labore et dolore magna aliqua. Ut enim ad minim veniam, quis nostrud exercitation ullamco laboris nisi ut aliquip ex ea commodo consequat. Duis aute irure dolor in reprehenderit in voluptate velit esse cillum dolore eu fugiat nulla pariatur. Excepteur sint occaecat cupidatat non proident, sunt in culpa qui officia deserunt mollit anim id est laborum ', '2019-07-10', '2019-09-15'),
(5, 'L’art abstrait dans les supermarchés', 'Lorem ipsum dolor sit amet, consectetur adipiscing elit, sed do eiusmod tempor incididunt ut labore et dolore magna aliqua. Ut enim ad minim veniam, quis nostrud exercitation ullamco laboris nisi ut aliquip ex ea commodo consequat. Duis aute irure dolor in reprehenderit in voluptate velit esse cillum dolore eu fugiat nulla pariatur. Excepteur sint occaecat cupidatat non proident, sunt in culpa qui officia deserunt mollit anim id est laborum ', '2019-09-25', '2019-12-25'),
(6, 'La Minus de Vélo dans tous ses états', 'Parodie de l\'art grec à connotation satyrique...', '2020-01-01', '2020-01-31');

-- --------------------------------------------------------

--
-- Structure de la table `expositions_trad`
--

DROP TABLE IF EXISTS `expositions_trad`;
CREATE TABLE IF NOT EXISTS `expositions_trad` (
  `id_expo` int(11) NOT NULL,
  `id_langue` int(11) NOT NULL,
  `titre_expo_trad` varchar(500) DEFAULT NULL,
  `descriptif_expo_trad` varchar(1000) DEFAULT NULL,
  PRIMARY KEY (`id_expo`,`id_langue`),
  KEY `Expositions_trad_LANGUES0_FK` (`id_langue`)
) ENGINE=InnoDB DEFAULT CHARSET=utf8;

--
-- Déchargement des données de la table `expositions_trad`
--

INSERT INTO `expositions_trad` (`id_expo`, `id_langue`, `titre_expo_trad`, `descriptif_expo_trad`) VALUES
(1, 1, 'Impressionists of the twentieth century', 'Far far away, behind the word mountains, far from the countries Vokalia and Consonantia, there live the blind texts. Separated they live in Bookmarksgrove right at the coast of the Semantics, a large language ocean.'),
(1, 2, '二十世纪的印象派画家', '那帶一得，好星他者能告人顯職，動經也河長以員房及存，義黨的代外需。媽我經提有飛縣相？道一在人告著存文球，行難象新據易有下起傳開知地研關這那議傳，打散上友類不離人消展羅難，國十全具立團而高工散以球飯進輕；只轉以圖喜，世立的！\n現的自接我帶。他受很多去年，道經我書動千數辦隊大吃在送以在下內的業，不你神極牛外久代間落證國學麼臺本一個仍年等親過向方聲次出夠；動要送說包。'),
(2, 1, 'Marcel Duchamp retrospective', 'Even the all-powerful Pointing has no control about the blind texts it is an almost unorthographic life One day however a small line of blind text by the name of Lorem Ipsum decided to leave for the far World of Grammar.\r\nThe Big Oxmox advised her not to do so, because there were thousands of bad Commas, wild Question Marks and devious Semikoli, but the Little Blind Text didn’t listen. She packed her seven versalia, put her initial into the belt and made herself on the way.'),
(2, 2, 'Marcel Duchamp回顾展', '那帶一得，好星他者能告人顯職，動經也河長以員房及存，義黨的代外需。媽我經提有飛縣相？道一在人告著存文球，行難象新據易有下起傳開知地研關這那議傳，打散上友類不離人消展羅難，國十全具立團而高工散以球飯進輕；只轉以圖喜，世立的！\r\n現的自接我帶。他受很多去年，道經我書動千數辦隊大吃在送以在下內的業，不你神極牛外久代間落證國學麼臺本一個仍年等親過向方聲次出夠；動要送說包。'),
(6, 1, NULL, NULL),
(6, 2, NULL, NULL);

-- --------------------------------------------------------

--
-- Structure de la table `langues`
--

DROP TABLE IF EXISTS `langues`;
CREATE TABLE IF NOT EXISTS `langues` (
  `id_langue` int(11) NOT NULL AUTO_INCREMENT,
  `code_langue` varchar(2) NOT NULL COMMENT 'https://fr.wikipedia.org/wiki/Liste_des_codes_ISO_639-1',
  PRIMARY KEY (`id_langue`)
) ENGINE=InnoDB AUTO_INCREMENT=3 DEFAULT CHARSET=utf8;

--
-- Déchargement des données de la table `langues`
--

INSERT INTO `langues` (`id_langue`, `code_langue`) VALUES
(1, 'en'),
(2, 'zh');

-- --------------------------------------------------------

--
-- Structure de la table `medias`
--

DROP TABLE IF EXISTS `medias`;
CREATE TABLE IF NOT EXISTS `medias` (
  `id_media` int(11) NOT NULL AUTO_INCREMENT,
  `type_media` enum('image','son','video') NOT NULL,
  `nom_media` varchar(100) NOT NULL,
  PRIMARY KEY (`id_media`)
) ENGINE=InnoDB DEFAULT CHARSET=utf8;

-- --------------------------------------------------------

--
-- Structure de la table `oeuvres`
--

DROP TABLE IF EXISTS `oeuvres`;
CREATE TABLE IF NOT EXISTS `oeuvres` (
  `id_oeuvre` int(11) NOT NULL AUTO_INCREMENT,
  `titre_oeuvre` varchar(500) NOT NULL,
  `descriptif_oeuvre` varchar(1000) NOT NULL,
  `annee_oeuvre` smallint(4) UNSIGNED NOT NULL,
  `id_art` int(11) NOT NULL,
  PRIMARY KEY (`id_oeuvre`),
  KEY `OEUVRES_ARTISTES_FK` (`id_art`)
) ENGINE=InnoDB AUTO_INCREMENT=251 DEFAULT CHARSET=utf8 COMMENT='Dimensions (h x l x L) max en Cm = 999,99 soit 9,99 M Les oeuvres immatérielles ont les dimensions de leur support de diffusion';

--
-- Déchargement des données de la table `oeuvres`
--

INSERT INTO `oeuvres` (`id_oeuvre`, `titre_oeuvre`, `descriptif_oeuvre`, `annee_oeuvre`, `id_art`) VALUES
(1, 'Contes nomades', 'Lorem ipsum dolor sit amet, consectetur adipiscing elit, sed do eiusmod tempor incididunt ut labore et dolore magna aliqua. Ut enim ad minim veniam, quis nostrud exercitation ullamco laboris nisi ut aliquip ex ea commodo consequat. Duis aute irure dolor in reprehenderit in voluptate velit esse cillum dolore eu fugiat nulla pariatur. Excepteur sint occaecat cupidatat non proident, sunt in culpa qui officia deserunt mollit anim id est laborum', 1918, 19),
(2, 'La couleur de la nuit Gauguin', 'Lorem ipsum dolor sit amet, consectetur adipiscing elit, sed do eiusmod tempor incididunt ut labore et dolore magna aliqua. Ut enim ad minim veniam, quis nostrud exercitation ullamco laboris nisi ut aliquip ex ea commodo consequat. Duis aute irure dolor in reprehenderit in voluptate velit esse cillum dolore eu fugiat nulla pariatur. Excepteur sint occaecat cupidatat non proident, sunt in culpa qui officia deserunt mollit anim id est laborum', 1882, 1),
(3, 'La fée s\'est trompée', 'Lorem ipsum dolor sit amet, consectetur adipiscing elit, sed do eiusmod tempor incididunt ut labore et dolore magna aliqua. Ut enim ad minim veniam, quis nostrud exercitation ullamco laboris nisi ut aliquip ex ea commodo consequat. Duis aute irure dolor in reprehenderit in voluptate velit esse cillum dolore eu fugiat nulla pariatur. Excepteur sint occaecat cupidatat non proident, sunt in culpa qui officia deserunt mollit anim id est laborum', 1873, 1),
(4, 'Le loukoum à la pistache', 'Lorem ipsum dolor sit amet, consectetur adipiscing elit, sed do eiusmod tempor incididunt ut labore et dolore magna aliqua. Ut enim ad minim veniam, quis nostrud exercitation ullamco laboris nisi ut aliquip ex ea commodo consequat. Duis aute irure dolor in reprehenderit in voluptate velit esse cillum dolore eu fugiat nulla pariatur. Excepteur sint occaecat cupidatat non proident, sunt in culpa qui officia deserunt mollit anim id est laborum', 1863, 29),
(5, 'Monsieur Chopin ou le voyage de la note bleue', 'Lorem ipsum dolor sit amet, consectetur adipiscing elit, sed do eiusmod tempor incididunt ut labore et dolore magna aliqua. Ut enim ad minim veniam, quis nostrud exercitation ullamco laboris nisi ut aliquip ex ea commodo consequat. Duis aute irure dolor in reprehenderit in voluptate velit esse cillum dolore eu fugiat nulla pariatur. Excepteur sint occaecat cupidatat non proident, sunt in culpa qui officia deserunt mollit anim id est laborum', 1954, 32),
(6, 'Fables choisies de Léonard de Vinci', 'Lorem ipsum dolor sit amet, consectetur adipiscing elit, sed do eiusmod tempor incididunt ut labore et dolore magna aliqua. Ut enim ad minim veniam, quis nostrud exercitation ullamco laboris nisi ut aliquip ex ea commodo consequat. Duis aute irure dolor in reprehenderit in voluptate velit esse cillum dolore eu fugiat nulla pariatur. Excepteur sint occaecat cupidatat non proident, sunt in culpa qui officia deserunt mollit anim id est laborum', 1976, 11),
(7, 'La langue au chat', 'Lorem ipsum dolor sit amet, consectetur adipiscing elit, sed do eiusmod tempor incididunt ut labore et dolore magna aliqua. Ut enim ad minim veniam, quis nostrud exercitation ullamco laboris nisi ut aliquip ex ea commodo consequat. Duis aute irure dolor in reprehenderit in voluptate velit esse cillum dolore eu fugiat nulla pariatur. Excepteur sint occaecat cupidatat non proident, sunt in culpa qui officia deserunt mollit anim id est laborum', 1971, 15),
(8, 'Chambre 203', 'Lorem ipsum dolor sit amet, consectetur adipiscing elit, sed do eiusmod tempor incididunt ut labore et dolore magna aliqua. Ut enim ad minim veniam, quis nostrud exercitation ullamco laboris nisi ut aliquip ex ea commodo consequat. Duis aute irure dolor in reprehenderit in voluptate velit esse cillum dolore eu fugiat nulla pariatur. Excepteur sint occaecat cupidatat non proident, sunt in culpa qui officia deserunt mollit anim id est laborum', 1993, 1),
(9, 'Des zigotos chez Crapoto', 'Lorem ipsum dolor sit amet, consectetur adipiscing elit, sed do eiusmod tempor incididunt ut labore et dolore magna aliqua. Ut enim ad minim veniam, quis nostrud exercitation ullamco laboris nisi ut aliquip ex ea commodo consequat. Duis aute irure dolor in reprehenderit in voluptate velit esse cillum dolore eu fugiat nulla pariatur. Excepteur sint occaecat cupidatat non proident, sunt in culpa qui officia deserunt mollit anim id est laborum', 1860, 1),
(10, 'Enquête au collège : le professeur a disparu', 'Lorem ipsum dolor sit amet, consectetur adipiscing elit, sed do eiusmod tempor incididunt ut labore et dolore magna aliqua. Ut enim ad minim veniam, quis nostrud exercitation ullamco laboris nisi ut aliquip ex ea commodo consequat. Duis aute irure dolor in reprehenderit in voluptate velit esse cillum dolore eu fugiat nulla pariatur. Excepteur sint occaecat cupidatat non proident, sunt in culpa qui officia deserunt mollit anim id est laborum', 1917, 15),
(11, 'Histoire d\'une mouette et du chat qui lui apprit à voler', 'Lorem ipsum dolor sit amet, consectetur adipiscing elit, sed do eiusmod tempor incididunt ut labore et dolore magna aliqua. Ut enim ad minim veniam, quis nostrud exercitation ullamco laboris nisi ut aliquip ex ea commodo consequat. Duis aute irure dolor in reprehenderit in voluptate velit esse cillum dolore eu fugiat nulla pariatur. Excepteur sint occaecat cupidatat non proident, sunt in culpa qui officia deserunt mollit anim id est laborum', 1852, 11),
(12, 'La petite Caillotte', 'Lorem ipsum dolor sit amet, consectetur adipiscing elit, sed do eiusmod tempor incididunt ut labore et dolore magna aliqua. Ut enim ad minim veniam, quis nostrud exercitation ullamco laboris nisi ut aliquip ex ea commodo consequat. Duis aute irure dolor in reprehenderit in voluptate velit esse cillum dolore eu fugiat nulla pariatur. Excepteur sint occaecat cupidatat non proident, sunt in culpa qui officia deserunt mollit anim id est laborum', 1973, 32),
(13, 'Le chat de Tigali', 'Lorem ipsum dolor sit amet, consectetur adipiscing elit, sed do eiusmod tempor incididunt ut labore et dolore magna aliqua. Ut enim ad minim veniam, quis nostrud exercitation ullamco laboris nisi ut aliquip ex ea commodo consequat. Duis aute irure dolor in reprehenderit in voluptate velit esse cillum dolore eu fugiat nulla pariatur. Excepteur sint occaecat cupidatat non proident, sunt in culpa qui officia deserunt mollit anim id est laborum', 1996, 27),
(14, 'Le coupeur de mots', 'Lorem ipsum dolor sit amet, consectetur adipiscing elit, sed do eiusmod tempor incididunt ut labore et dolore magna aliqua. Ut enim ad minim veniam, quis nostrud exercitation ullamco laboris nisi ut aliquip ex ea commodo consequat. Duis aute irure dolor in reprehenderit in voluptate velit esse cillum dolore eu fugiat nulla pariatur. Excepteur sint occaecat cupidatat non proident, sunt in culpa qui officia deserunt mollit anim id est laborum', 1955, 1),
(15, 'Le jobard', 'Lorem ipsum dolor sit amet, consectetur adipiscing elit, sed do eiusmod tempor incididunt ut labore et dolore magna aliqua. Ut enim ad minim veniam, quis nostrud exercitation ullamco laboris nisi ut aliquip ex ea commodo consequat. Duis aute irure dolor in reprehenderit in voluptate velit esse cillum dolore eu fugiat nulla pariatur. Excepteur sint occaecat cupidatat non proident, sunt in culpa qui officia deserunt mollit anim id est laborum', 1924, 43),
(16, 'L\'enfaon', 'Lorem ipsum dolor sit amet, consectetur adipiscing elit, sed do eiusmod tempor incididunt ut labore et dolore magna aliqua. Ut enim ad minim veniam, quis nostrud exercitation ullamco laboris nisi ut aliquip ex ea commodo consequat. Duis aute irure dolor in reprehenderit in voluptate velit esse cillum dolore eu fugiat nulla pariatur. Excepteur sint occaecat cupidatat non proident, sunt in culpa qui officia deserunt mollit anim id est laborum', 1982, 14),
(17, 'Libre', 'Lorem ipsum dolor sit amet, consectetur adipiscing elit, sed do eiusmod tempor incididunt ut labore et dolore magna aliqua. Ut enim ad minim veniam, quis nostrud exercitation ullamco laboris nisi ut aliquip ex ea commodo consequat. Duis aute irure dolor in reprehenderit in voluptate velit esse cillum dolore eu fugiat nulla pariatur. Excepteur sint occaecat cupidatat non proident, sunt in culpa qui officia deserunt mollit anim id est laborum', 1924, 14),
(18, 'Matilda', 'Lorem ipsum dolor sit amet, consectetur adipiscing elit, sed do eiusmod tempor incididunt ut labore et dolore magna aliqua. Ut enim ad minim veniam, quis nostrud exercitation ullamco laboris nisi ut aliquip ex ea commodo consequat. Duis aute irure dolor in reprehenderit in voluptate velit esse cillum dolore eu fugiat nulla pariatur. Excepteur sint occaecat cupidatat non proident, sunt in culpa qui officia deserunt mollit anim id est laborum', 1991, 37),
(19, 'Qui a tué Michka ?', 'Lorem ipsum dolor sit amet, consectetur adipiscing elit, sed do eiusmod tempor incididunt ut labore et dolore magna aliqua. Ut enim ad minim veniam, quis nostrud exercitation ullamco laboris nisi ut aliquip ex ea commodo consequat. Duis aute irure dolor in reprehenderit in voluptate velit esse cillum dolore eu fugiat nulla pariatur. Excepteur sint occaecat cupidatat non proident, sunt in culpa qui officia deserunt mollit anim id est laborum', 1975, 1),
(20, 'Zhang,  le peintre magicien', 'Lorem ipsum dolor sit amet, consectetur adipiscing elit, sed do eiusmod tempor incididunt ut labore et dolore magna aliqua. Ut enim ad minim veniam, quis nostrud exercitation ullamco laboris nisi ut aliquip ex ea commodo consequat. Duis aute irure dolor in reprehenderit in voluptate velit esse cillum dolore eu fugiat nulla pariatur. Excepteur sint occaecat cupidatat non proident, sunt in culpa qui officia deserunt mollit anim id est laborum', 1929, 1),
(21, 'Être le loup', 'Lorem ipsum dolor sit amet, consectetur adipiscing elit, sed do eiusmod tempor incididunt ut labore et dolore magna aliqua. Ut enim ad minim veniam, quis nostrud exercitation ullamco laboris nisi ut aliquip ex ea commodo consequat. Duis aute irure dolor in reprehenderit in voluptate velit esse cillum dolore eu fugiat nulla pariatur. Excepteur sint occaecat cupidatat non proident, sunt in culpa qui officia deserunt mollit anim id est laborum', 1939, 29),
(22, 'La consolation de Sophie', 'Lorem ipsum dolor sit amet, consectetur adipiscing elit, sed do eiusmod tempor incididunt ut labore et dolore magna aliqua. Ut enim ad minim veniam, quis nostrud exercitation ullamco laboris nisi ut aliquip ex ea commodo consequat. Duis aute irure dolor in reprehenderit in voluptate velit esse cillum dolore eu fugiat nulla pariatur. Excepteur sint occaecat cupidatat non proident, sunt in culpa qui officia deserunt mollit anim id est laborum', 1894, 15),
(23, 'La pantoufle', 'Lorem ipsum dolor sit amet, consectetur adipiscing elit, sed do eiusmod tempor incididunt ut labore et dolore magna aliqua. Ut enim ad minim veniam, quis nostrud exercitation ullamco laboris nisi ut aliquip ex ea commodo consequat. Duis aute irure dolor in reprehenderit in voluptate velit esse cillum dolore eu fugiat nulla pariatur. Excepteur sint occaecat cupidatat non proident, sunt in culpa qui officia deserunt mollit anim id est laborum', 1967, 1),
(24, 'Moustique', 'Lorem ipsum dolor sit amet, consectetur adipiscing elit, sed do eiusmod tempor incididunt ut labore et dolore magna aliqua. Ut enim ad minim veniam, quis nostrud exercitation ullamco laboris nisi ut aliquip ex ea commodo consequat. Duis aute irure dolor in reprehenderit in voluptate velit esse cillum dolore eu fugiat nulla pariatur. Excepteur sint occaecat cupidatat non proident, sunt in culpa qui officia deserunt mollit anim id est laborum', 1991, 1),
(25, 'Souliers de sable', 'Lorem ipsum dolor sit amet, consectetur adipiscing elit, sed do eiusmod tempor incididunt ut labore et dolore magna aliqua. Ut enim ad minim veniam, quis nostrud exercitation ullamco laboris nisi ut aliquip ex ea commodo consequat. Duis aute irure dolor in reprehenderit in voluptate velit esse cillum dolore eu fugiat nulla pariatur. Excepteur sint occaecat cupidatat non proident, sunt in culpa qui officia deserunt mollit anim id est laborum', 1986, 2),
(26, 'Gilgamesh', 'Lorem ipsum dolor sit amet, consectetur adipiscing elit, sed do eiusmod tempor incididunt ut labore et dolore magna aliqua. Ut enim ad minim veniam, quis nostrud exercitation ullamco laboris nisi ut aliquip ex ea commodo consequat. Duis aute irure dolor in reprehenderit in voluptate velit esse cillum dolore eu fugiat nulla pariatur. Excepteur sint occaecat cupidatat non proident, sunt in culpa qui officia deserunt mollit anim id est laborum', 1926, 1),
(27, 'La vie sans portable', 'Lorem ipsum dolor sit amet, consectetur adipiscing elit, sed do eiusmod tempor incididunt ut labore et dolore magna aliqua. Ut enim ad minim veniam, quis nostrud exercitation ullamco laboris nisi ut aliquip ex ea commodo consequat. Duis aute irure dolor in reprehenderit in voluptate velit esse cillum dolore eu fugiat nulla pariatur. Excepteur sint occaecat cupidatat non proident, sunt in culpa qui officia deserunt mollit anim id est laborum', 1863, 1),
(28, 'Le mystère de la grande pyramide', 'Lorem ipsum dolor sit amet, consectetur adipiscing elit, sed do eiusmod tempor incididunt ut labore et dolore magna aliqua. Ut enim ad minim veniam, quis nostrud exercitation ullamco laboris nisi ut aliquip ex ea commodo consequat. Duis aute irure dolor in reprehenderit in voluptate velit esse cillum dolore eu fugiat nulla pariatur. Excepteur sint occaecat cupidatat non proident, sunt in culpa qui officia deserunt mollit anim id est laborum', 1850, 44),
(29, 'Le vaillant petit tailleur', 'Lorem ipsum dolor sit amet, consectetur adipiscing elit, sed do eiusmod tempor incididunt ut labore et dolore magna aliqua. Ut enim ad minim veniam, quis nostrud exercitation ullamco laboris nisi ut aliquip ex ea commodo consequat. Duis aute irure dolor in reprehenderit in voluptate velit esse cillum dolore eu fugiat nulla pariatur. Excepteur sint occaecat cupidatat non proident, sunt in culpa qui officia deserunt mollit anim id est laborum', 1907, 20),
(30, 'L\'écologie selon Lagaffe', 'Lorem ipsum dolor sit amet, consectetur adipiscing elit, sed do eiusmod tempor incididunt ut labore et dolore magna aliqua. Ut enim ad minim veniam, quis nostrud exercitation ullamco laboris nisi ut aliquip ex ea commodo consequat. Duis aute irure dolor in reprehenderit in voluptate velit esse cillum dolore eu fugiat nulla pariatur. Excepteur sint occaecat cupidatat non proident, sunt in culpa qui officia deserunt mollit anim id est laborum', 1880, 1),
(31, 'L\'enfant cachée', 'Lorem ipsum dolor sit amet, consectetur adipiscing elit, sed do eiusmod tempor incididunt ut labore et dolore magna aliqua. Ut enim ad minim veniam, quis nostrud exercitation ullamco laboris nisi ut aliquip ex ea commodo consequat. Duis aute irure dolor in reprehenderit in voluptate velit esse cillum dolore eu fugiat nulla pariatur. Excepteur sint occaecat cupidatat non proident, sunt in culpa qui officia deserunt mollit anim id est laborum', 1995, 20),
(32, 'Petits bonheurs', 'Lorem ipsum dolor sit amet, consectetur adipiscing elit, sed do eiusmod tempor incididunt ut labore et dolore magna aliqua. Ut enim ad minim veniam, quis nostrud exercitation ullamco laboris nisi ut aliquip ex ea commodo consequat. Duis aute irure dolor in reprehenderit in voluptate velit esse cillum dolore eu fugiat nulla pariatur. Excepteur sint occaecat cupidatat non proident, sunt in culpa qui officia deserunt mollit anim id est laborum', 1901, 48),
(33, '12 récits de l\'Énéide', 'Lorem ipsum dolor sit amet, consectetur adipiscing elit, sed do eiusmod tempor incididunt ut labore et dolore magna aliqua. Ut enim ad minim veniam, quis nostrud exercitation ullamco laboris nisi ut aliquip ex ea commodo consequat. Duis aute irure dolor in reprehenderit in voluptate velit esse cillum dolore eu fugiat nulla pariatur. Excepteur sint occaecat cupidatat non proident, sunt in culpa qui officia deserunt mollit anim id est laborum', 1853, 32),
(34, '25 métamorphoses d\'Ovide', 'Lorem ipsum dolor sit amet, consectetur adipiscing elit, sed do eiusmod tempor incididunt ut labore et dolore magna aliqua. Ut enim ad minim veniam, quis nostrud exercitation ullamco laboris nisi ut aliquip ex ea commodo consequat. Duis aute irure dolor in reprehenderit in voluptate velit esse cillum dolore eu fugiat nulla pariatur. Excepteur sint occaecat cupidatat non proident, sunt in culpa qui officia deserunt mollit anim id est laborum', 1916, 1),
(35, 'Ariane contre le Minotaure', 'Lorem ipsum dolor sit amet, consectetur adipiscing elit, sed do eiusmod tempor incididunt ut labore et dolore magna aliqua. Ut enim ad minim veniam, quis nostrud exercitation ullamco laboris nisi ut aliquip ex ea commodo consequat. Duis aute irure dolor in reprehenderit in voluptate velit esse cillum dolore eu fugiat nulla pariatur. Excepteur sint occaecat cupidatat non proident, sunt in culpa qui officia deserunt mollit anim id est laborum', 2003, 45),
(36, 'Contes de Grèce', 'Lorem ipsum dolor sit amet, consectetur adipiscing elit, sed do eiusmod tempor incididunt ut labore et dolore magna aliqua. Ut enim ad minim veniam, quis nostrud exercitation ullamco laboris nisi ut aliquip ex ea commodo consequat. Duis aute irure dolor in reprehenderit in voluptate velit esse cillum dolore eu fugiat nulla pariatur. Excepteur sint occaecat cupidatat non proident, sunt in culpa qui officia deserunt mollit anim id est laborum', 1941, 1),
(37, 'Contes des six trésors', 'Lorem ipsum dolor sit amet, consectetur adipiscing elit, sed do eiusmod tempor incididunt ut labore et dolore magna aliqua. Ut enim ad minim veniam, quis nostrud exercitation ullamco laboris nisi ut aliquip ex ea commodo consequat. Duis aute irure dolor in reprehenderit in voluptate velit esse cillum dolore eu fugiat nulla pariatur. Excepteur sint occaecat cupidatat non proident, sunt in culpa qui officia deserunt mollit anim id est laborum', 1933, 30),
(38, 'Contes du Japon', 'Lorem ipsum dolor sit amet, consectetur adipiscing elit, sed do eiusmod tempor incididunt ut labore et dolore magna aliqua. Ut enim ad minim veniam, quis nostrud exercitation ullamco laboris nisi ut aliquip ex ea commodo consequat. Duis aute irure dolor in reprehenderit in voluptate velit esse cillum dolore eu fugiat nulla pariatur. Excepteur sint occaecat cupidatat non proident, sunt in culpa qui officia deserunt mollit anim id est laborum', 1951, 28),
(39, 'Contes portugais : La fille du roi maure', 'Lorem ipsum dolor sit amet, consectetur adipiscing elit, sed do eiusmod tempor incididunt ut labore et dolore magna aliqua. Ut enim ad minim veniam, quis nostrud exercitation ullamco laboris nisi ut aliquip ex ea commodo consequat. Duis aute irure dolor in reprehenderit in voluptate velit esse cillum dolore eu fugiat nulla pariatur. Excepteur sint occaecat cupidatat non proident, sunt in culpa qui officia deserunt mollit anim id est laborum', 1958, 1),
(40, 'Contes russes : Les fileuses d\'or', 'Lorem ipsum dolor sit amet, consectetur adipiscing elit, sed do eiusmod tempor incididunt ut labore et dolore magna aliqua. Ut enim ad minim veniam, quis nostrud exercitation ullamco laboris nisi ut aliquip ex ea commodo consequat. Duis aute irure dolor in reprehenderit in voluptate velit esse cillum dolore eu fugiat nulla pariatur. Excepteur sint occaecat cupidatat non proident, sunt in culpa qui officia deserunt mollit anim id est laborum', 1920, 9),
(41, 'Dieux et héros des Romains', 'Lorem ipsum dolor sit amet, consectetur adipiscing elit, sed do eiusmod tempor incididunt ut labore et dolore magna aliqua. Ut enim ad minim veniam, quis nostrud exercitation ullamco laboris nisi ut aliquip ex ea commodo consequat. Duis aute irure dolor in reprehenderit in voluptate velit esse cillum dolore eu fugiat nulla pariatur. Excepteur sint occaecat cupidatat non proident, sunt in culpa qui officia deserunt mollit anim id est laborum', 1933, 1),
(42, 'Héros de la mythologie grecque', 'Lorem ipsum dolor sit amet, consectetur adipiscing elit, sed do eiusmod tempor incididunt ut labore et dolore magna aliqua. Ut enim ad minim veniam, quis nostrud exercitation ullamco laboris nisi ut aliquip ex ea commodo consequat. Duis aute irure dolor in reprehenderit in voluptate velit esse cillum dolore eu fugiat nulla pariatur. Excepteur sint occaecat cupidatat non proident, sunt in culpa qui officia deserunt mollit anim id est laborum', 1869, 1),
(43, 'Homme-Requin', 'Lorem ipsum dolor sit amet, consectetur adipiscing elit, sed do eiusmod tempor incididunt ut labore et dolore magna aliqua. Ut enim ad minim veniam, quis nostrud exercitation ullamco laboris nisi ut aliquip ex ea commodo consequat. Duis aute irure dolor in reprehenderit in voluptate velit esse cillum dolore eu fugiat nulla pariatur. Excepteur sint occaecat cupidatat non proident, sunt in culpa qui officia deserunt mollit anim id est laborum', 2005, 42),
(44, 'La sorcière de la rue Mouffetard et autres contes de la rue Broca', 'Lorem ipsum dolor sit amet, consectetur adipiscing elit, sed do eiusmod tempor incididunt ut labore et dolore magna aliqua. Ut enim ad minim veniam, quis nostrud exercitation ullamco laboris nisi ut aliquip ex ea commodo consequat. Duis aute irure dolor in reprehenderit in voluptate velit esse cillum dolore eu fugiat nulla pariatur. Excepteur sint occaecat cupidatat non proident, sunt in culpa qui officia deserunt mollit anim id est laborum', 1961, 1),
(45, 'L\'Afrique d\'Ouest en Est', 'Lorem ipsum dolor sit amet, consectetur adipiscing elit, sed do eiusmod tempor incididunt ut labore et dolore magna aliqua. Ut enim ad minim veniam, quis nostrud exercitation ullamco laboris nisi ut aliquip ex ea commodo consequat. Duis aute irure dolor in reprehenderit in voluptate velit esse cillum dolore eu fugiat nulla pariatur. Excepteur sint occaecat cupidatat non proident, sunt in culpa qui officia deserunt mollit anim id est laborum', 1982, 1),
(46, 'Les cauchemars de Cassandre', 'Lorem ipsum dolor sit amet, consectetur adipiscing elit, sed do eiusmod tempor incididunt ut labore et dolore magna aliqua. Ut enim ad minim veniam, quis nostrud exercitation ullamco laboris nisi ut aliquip ex ea commodo consequat. Duis aute irure dolor in reprehenderit in voluptate velit esse cillum dolore eu fugiat nulla pariatur. Excepteur sint occaecat cupidatat non proident, sunt in culpa qui officia deserunt mollit anim id est laborum', 1910, 1),
(47, 'Les contes de l\'olivier : contes juifs et arabes réunis', 'Lorem ipsum dolor sit amet, consectetur adipiscing elit, sed do eiusmod tempor incididunt ut labore et dolore magna aliqua. Ut enim ad minim veniam, quis nostrud exercitation ullamco laboris nisi ut aliquip ex ea commodo consequat. Duis aute irure dolor in reprehenderit in voluptate velit esse cillum dolore eu fugiat nulla pariatur. Excepteur sint occaecat cupidatat non proident, sunt in culpa qui officia deserunt mollit anim id est laborum', 1929, 1),
(48, 'Les contes du miroir', 'Lorem ipsum dolor sit amet, consectetur adipiscing elit, sed do eiusmod tempor incididunt ut labore et dolore magna aliqua. Ut enim ad minim veniam, quis nostrud exercitation ullamco laboris nisi ut aliquip ex ea commodo consequat. Duis aute irure dolor in reprehenderit in voluptate velit esse cillum dolore eu fugiat nulla pariatur. Excepteur sint occaecat cupidatat non proident, sunt in culpa qui officia deserunt mollit anim id est laborum', 1890, 1),
(49, 'Les douze travaux d\'Hercule', 'Lorem ipsum dolor sit amet, consectetur adipiscing elit, sed do eiusmod tempor incididunt ut labore et dolore magna aliqua. Ut enim ad minim veniam, quis nostrud exercitation ullamco laboris nisi ut aliquip ex ea commodo consequat. Duis aute irure dolor in reprehenderit in voluptate velit esse cillum dolore eu fugiat nulla pariatur. Excepteur sint occaecat cupidatat non proident, sunt in culpa qui officia deserunt mollit anim id est laborum', 1899, 19),
(50, 'Les larmes de Psyché', 'Lorem ipsum dolor sit amet, consectetur adipiscing elit, sed do eiusmod tempor incididunt ut labore et dolore magna aliqua. Ut enim ad minim veniam, quis nostrud exercitation ullamco laboris nisi ut aliquip ex ea commodo consequat. Duis aute irure dolor in reprehenderit in voluptate velit esse cillum dolore eu fugiat nulla pariatur. Excepteur sint occaecat cupidatat non proident, sunt in culpa qui officia deserunt mollit anim id est laborum', 1866, 1),
(51, 'Lisebelle et la bête', 'Lorem ipsum dolor sit amet, consectetur adipiscing elit, sed do eiusmod tempor incididunt ut labore et dolore magna aliqua. Ut enim ad minim veniam, quis nostrud exercitation ullamco laboris nisi ut aliquip ex ea commodo consequat. Duis aute irure dolor in reprehenderit in voluptate velit esse cillum dolore eu fugiat nulla pariatur. Excepteur sint occaecat cupidatat non proident, sunt in culpa qui officia deserunt mollit anim id est laborum', 2003, 48),
(52, 'L\'Odyssée', 'Lorem ipsum dolor sit amet, consectetur adipiscing elit, sed do eiusmod tempor incididunt ut labore et dolore magna aliqua. Ut enim ad minim veniam, quis nostrud exercitation ullamco laboris nisi ut aliquip ex ea commodo consequat. Duis aute irure dolor in reprehenderit in voluptate velit esse cillum dolore eu fugiat nulla pariatur. Excepteur sint occaecat cupidatat non proident, sunt in culpa qui officia deserunt mollit anim id est laborum', 2015, 1),
(53, 'L\'ogre maigre et l\'enfant fou', 'Lorem ipsum dolor sit amet, consectetur adipiscing elit, sed do eiusmod tempor incididunt ut labore et dolore magna aliqua. Ut enim ad minim veniam, quis nostrud exercitation ullamco laboris nisi ut aliquip ex ea commodo consequat. Duis aute irure dolor in reprehenderit in voluptate velit esse cillum dolore eu fugiat nulla pariatur. Excepteur sint occaecat cupidatat non proident, sunt in culpa qui officia deserunt mollit anim id est laborum', 1897, 3),
(54, 'L\'oiseau bleu et autres contes', 'Lorem ipsum dolor sit amet, consectetur adipiscing elit, sed do eiusmod tempor incididunt ut labore et dolore magna aliqua. Ut enim ad minim veniam, quis nostrud exercitation ullamco laboris nisi ut aliquip ex ea commodo consequat. Duis aute irure dolor in reprehenderit in voluptate velit esse cillum dolore eu fugiat nulla pariatur. Excepteur sint occaecat cupidatat non proident, sunt in culpa qui officia deserunt mollit anim id est laborum', 1906, 1),
(55, 'Médée la Magicienne', 'Lorem ipsum dolor sit amet, consectetur adipiscing elit, sed do eiusmod tempor incididunt ut labore et dolore magna aliqua. Ut enim ad minim veniam, quis nostrud exercitation ullamco laboris nisi ut aliquip ex ea commodo consequat. Duis aute irure dolor in reprehenderit in voluptate velit esse cillum dolore eu fugiat nulla pariatur. Excepteur sint occaecat cupidatat non proident, sunt in culpa qui officia deserunt mollit anim id est laborum', 1983, 49),
(56, 'Moïse entre Dieu et les hommes', 'Lorem ipsum dolor sit amet, consectetur adipiscing elit, sed do eiusmod tempor incididunt ut labore et dolore magna aliqua. Ut enim ad minim veniam, quis nostrud exercitation ullamco laboris nisi ut aliquip ex ea commodo consequat. Duis aute irure dolor in reprehenderit in voluptate velit esse cillum dolore eu fugiat nulla pariatur. Excepteur sint occaecat cupidatat non proident, sunt in culpa qui officia deserunt mollit anim id est laborum', 2016, 1),
(57, 'Nouveaux contes de Fez', 'Lorem ipsum dolor sit amet, consectetur adipiscing elit, sed do eiusmod tempor incididunt ut labore et dolore magna aliqua. Ut enim ad minim veniam, quis nostrud exercitation ullamco laboris nisi ut aliquip ex ea commodo consequat. Duis aute irure dolor in reprehenderit in voluptate velit esse cillum dolore eu fugiat nulla pariatur. Excepteur sint occaecat cupidatat non proident, sunt in culpa qui officia deserunt mollit anim id est laborum', 1904, 1),
(58, 'Œdipe le maudit', 'Lorem ipsum dolor sit amet, consectetur adipiscing elit, sed do eiusmod tempor incididunt ut labore et dolore magna aliqua. Ut enim ad minim veniam, quis nostrud exercitation ullamco laboris nisi ut aliquip ex ea commodo consequat. Duis aute irure dolor in reprehenderit in voluptate velit esse cillum dolore eu fugiat nulla pariatur. Excepteur sint occaecat cupidatat non proident, sunt in culpa qui officia deserunt mollit anim id est laborum', 2012, 9),
(59, 'Ogrus, histoires à digérer', 'Lorem ipsum dolor sit amet, consectetur adipiscing elit, sed do eiusmod tempor incididunt ut labore et dolore magna aliqua. Ut enim ad minim veniam, quis nostrud exercitation ullamco laboris nisi ut aliquip ex ea commodo consequat. Duis aute irure dolor in reprehenderit in voluptate velit esse cillum dolore eu fugiat nulla pariatur. Excepteur sint occaecat cupidatat non proident, sunt in culpa qui officia deserunt mollit anim id est laborum', 1985, 1),
(60, 'Orphée l\'enchanteur', 'Lorem ipsum dolor sit amet, consectetur adipiscing elit, sed do eiusmod tempor incididunt ut labore et dolore magna aliqua. Ut enim ad minim veniam, quis nostrud exercitation ullamco laboris nisi ut aliquip ex ea commodo consequat. Duis aute irure dolor in reprehenderit in voluptate velit esse cillum dolore eu fugiat nulla pariatur. Excepteur sint occaecat cupidatat non proident, sunt in culpa qui officia deserunt mollit anim id est laborum', 1862, 29),
(61, 'Persée et le regard de pierre', 'Lorem ipsum dolor sit amet, consectetur adipiscing elit, sed do eiusmod tempor incididunt ut labore et dolore magna aliqua. Ut enim ad minim veniam, quis nostrud exercitation ullamco laboris nisi ut aliquip ex ea commodo consequat. Duis aute irure dolor in reprehenderit in voluptate velit esse cillum dolore eu fugiat nulla pariatur. Excepteur sint occaecat cupidatat non proident, sunt in culpa qui officia deserunt mollit anim id est laborum', 1980, 1),
(62, 'Samson,  le sang et le miel', 'Lorem ipsum dolor sit amet, consectetur adipiscing elit, sed do eiusmod tempor incididunt ut labore et dolore magna aliqua. Ut enim ad minim veniam, quis nostrud exercitation ullamco laboris nisi ut aliquip ex ea commodo consequat. Duis aute irure dolor in reprehenderit in voluptate velit esse cillum dolore eu fugiat nulla pariatur. Excepteur sint occaecat cupidatat non proident, sunt in culpa qui officia deserunt mollit anim id est laborum', 2006, 1),
(63, 'Trois histoires de Blanche-Neige racontées dans le monde', 'Lorem ipsum dolor sit amet, consectetur adipiscing elit, sed do eiusmod tempor incididunt ut labore et dolore magna aliqua. Ut enim ad minim veniam, quis nostrud exercitation ullamco laboris nisi ut aliquip ex ea commodo consequat. Duis aute irure dolor in reprehenderit in voluptate velit esse cillum dolore eu fugiat nulla pariatur. Excepteur sint occaecat cupidatat non proident, sunt in culpa qui officia deserunt mollit anim id est laborum', 1978, 47),
(64, 'Trois histoires du Petit Poucet racontées dans le monde', 'Lorem ipsum dolor sit amet, consectetur adipiscing elit, sed do eiusmod tempor incididunt ut labore et dolore magna aliqua. Ut enim ad minim veniam, quis nostrud exercitation ullamco laboris nisi ut aliquip ex ea commodo consequat. Duis aute irure dolor in reprehenderit in voluptate velit esse cillum dolore eu fugiat nulla pariatur. Excepteur sint occaecat cupidatat non proident, sunt in culpa qui officia deserunt mollit anim id est laborum', 1884, 1),
(65, 'Un piège pour Iphigénie', 'Lorem ipsum dolor sit amet, consectetur adipiscing elit, sed do eiusmod tempor incididunt ut labore et dolore magna aliqua. Ut enim ad minim veniam, quis nostrud exercitation ullamco laboris nisi ut aliquip ex ea commodo consequat. Duis aute irure dolor in reprehenderit in voluptate velit esse cillum dolore eu fugiat nulla pariatur. Excepteur sint occaecat cupidatat non proident, sunt in culpa qui officia deserunt mollit anim id est laborum', 1885, 27),
(66, 'Yeghvala, la belle sorcière', 'Lorem ipsum dolor sit amet, consectetur adipiscing elit, sed do eiusmod tempor incididunt ut labore et dolore magna aliqua. Ut enim ad minim veniam, quis nostrud exercitation ullamco laboris nisi ut aliquip ex ea commodo consequat. Duis aute irure dolor in reprehenderit in voluptate velit esse cillum dolore eu fugiat nulla pariatur. Excepteur sint occaecat cupidatat non proident, sunt in culpa qui officia deserunt mollit anim id est laborum', 1970, 1),
(67, 'Zeus à la conquête de l\'Olympe', 'Lorem ipsum dolor sit amet, consectetur adipiscing elit, sed do eiusmod tempor incididunt ut labore et dolore magna aliqua. Ut enim ad minim veniam, quis nostrud exercitation ullamco laboris nisi ut aliquip ex ea commodo consequat. Duis aute irure dolor in reprehenderit in voluptate velit esse cillum dolore eu fugiat nulla pariatur. Excepteur sint occaecat cupidatat non proident, sunt in culpa qui officia deserunt mollit anim id est laborum', 1982, 34),
(68, 'À fleur de silence', 'Lorem ipsum dolor sit amet, consectetur adipiscing elit, sed do eiusmod tempor incididunt ut labore et dolore magna aliqua. Ut enim ad minim veniam, quis nostrud exercitation ullamco laboris nisi ut aliquip ex ea commodo consequat. Duis aute irure dolor in reprehenderit in voluptate velit esse cillum dolore eu fugiat nulla pariatur. Excepteur sint occaecat cupidatat non proident, sunt in culpa qui officia deserunt mollit anim id est laborum', 1868, 1),
(69, 'Après vous,  M. de La Fontaine… Contrefables', 'Lorem ipsum dolor sit amet, consectetur adipiscing elit, sed do eiusmod tempor incididunt ut labore et dolore magna aliqua. Ut enim ad minim veniam, quis nostrud exercitation ullamco laboris nisi ut aliquip ex ea commodo consequat. Duis aute irure dolor in reprehenderit in voluptate velit esse cillum dolore eu fugiat nulla pariatur. Excepteur sint occaecat cupidatat non proident, sunt in culpa qui officia deserunt mollit anim id est laborum', 1981, 47),
(70, 'Carnet de Madame D., septième femme de Barbe Bleue', 'Lorem ipsum dolor sit amet, consectetur adipiscing elit, sed do eiusmod tempor incididunt ut labore et dolore magna aliqua. Ut enim ad minim veniam, quis nostrud exercitation ullamco laboris nisi ut aliquip ex ea commodo consequat. Duis aute irure dolor in reprehenderit in voluptate velit esse cillum dolore eu fugiat nulla pariatur. Excepteur sint occaecat cupidatat non proident, sunt in culpa qui officia deserunt mollit anim id est laborum', 2012, 1),
(71, 'Cent onze haiku', 'Lorem ipsum dolor sit amet, consectetur adipiscing elit, sed do eiusmod tempor incididunt ut labore et dolore magna aliqua. Ut enim ad minim veniam, quis nostrud exercitation ullamco laboris nisi ut aliquip ex ea commodo consequat. Duis aute irure dolor in reprehenderit in voluptate velit esse cillum dolore eu fugiat nulla pariatur. Excepteur sint occaecat cupidatat non proident, sunt in culpa qui officia deserunt mollit anim id est laborum', 1953, 2),
(72, 'La bouche pleine', 'Lorem ipsum dolor sit amet, consectetur adipiscing elit, sed do eiusmod tempor incididunt ut labore et dolore magna aliqua. Ut enim ad minim veniam, quis nostrud exercitation ullamco laboris nisi ut aliquip ex ea commodo consequat. Duis aute irure dolor in reprehenderit in voluptate velit esse cillum dolore eu fugiat nulla pariatur. Excepteur sint occaecat cupidatat non proident, sunt in culpa qui officia deserunt mollit anim id est laborum', 1923, 1),
(73, 'Le fabuleux fablier', 'Lorem ipsum dolor sit amet, consectetur adipiscing elit, sed do eiusmod tempor incididunt ut labore et dolore magna aliqua. Ut enim ad minim veniam, quis nostrud exercitation ullamco laboris nisi ut aliquip ex ea commodo consequat. Duis aute irure dolor in reprehenderit in voluptate velit esse cillum dolore eu fugiat nulla pariatur. Excepteur sint occaecat cupidatat non proident, sunt in culpa qui officia deserunt mollit anim id est laborum', 1889, 16),
(74, 'L\'enfant sur la branche', 'Lorem ipsum dolor sit amet, consectetur adipiscing elit, sed do eiusmod tempor incididunt ut labore et dolore magna aliqua. Ut enim ad minim veniam, quis nostrud exercitation ullamco laboris nisi ut aliquip ex ea commodo consequat. Duis aute irure dolor in reprehenderit in voluptate velit esse cillum dolore eu fugiat nulla pariatur. Excepteur sint occaecat cupidatat non proident, sunt in culpa qui officia deserunt mollit anim id est laborum', 1963, 1),
(75, 'Les animaux de tout le monde', 'Lorem ipsum dolor sit amet, consectetur adipiscing elit, sed do eiusmod tempor incididunt ut labore et dolore magna aliqua. Ut enim ad minim veniam, quis nostrud exercitation ullamco laboris nisi ut aliquip ex ea commodo consequat. Duis aute irure dolor in reprehenderit in voluptate velit esse cillum dolore eu fugiat nulla pariatur. Excepteur sint occaecat cupidatat non proident, sunt in culpa qui officia deserunt mollit anim id est laborum', 1876, 1),
(76, 'Les fables de La Fontaine', 'Lorem ipsum dolor sit amet, consectetur adipiscing elit, sed do eiusmod tempor incididunt ut labore et dolore magna aliqua. Ut enim ad minim veniam, quis nostrud exercitation ullamco laboris nisi ut aliquip ex ea commodo consequat. Duis aute irure dolor in reprehenderit in voluptate velit esse cillum dolore eu fugiat nulla pariatur. Excepteur sint occaecat cupidatat non proident, sunt in culpa qui officia deserunt mollit anim id est laborum', 1870, 9),
(77, 'Mon kdi n\'est pas un kdo', 'Lorem ipsum dolor sit amet, consectetur adipiscing elit, sed do eiusmod tempor incididunt ut labore et dolore magna aliqua. Ut enim ad minim veniam, quis nostrud exercitation ullamco laboris nisi ut aliquip ex ea commodo consequat. Duis aute irure dolor in reprehenderit in voluptate velit esse cillum dolore eu fugiat nulla pariatur. Excepteur sint occaecat cupidatat non proident, sunt in culpa qui officia deserunt mollit anim id est laborum', 1880, 1),
(78, 'Naturellement', 'Lorem ipsum dolor sit amet, consectetur adipiscing elit, sed do eiusmod tempor incididunt ut labore et dolore magna aliqua. Ut enim ad minim veniam, quis nostrud exercitation ullamco laboris nisi ut aliquip ex ea commodo consequat. Duis aute irure dolor in reprehenderit in voluptate velit esse cillum dolore eu fugiat nulla pariatur. Excepteur sint occaecat cupidatat non proident, sunt in culpa qui officia deserunt mollit anim id est laborum', 1959, 1),
(79, 'Petits poèmes par trois', 'Lorem ipsum dolor sit amet, consectetur adipiscing elit, sed do eiusmod tempor incididunt ut labore et dolore magna aliqua. Ut enim ad minim veniam, quis nostrud exercitation ullamco laboris nisi ut aliquip ex ea commodo consequat. Duis aute irure dolor in reprehenderit in voluptate velit esse cillum dolore eu fugiat nulla pariatur. Excepteur sint occaecat cupidatat non proident, sunt in culpa qui officia deserunt mollit anim id est laborum', 1949, 45),
(80, 'Poème du petit Poucet', 'Lorem ipsum dolor sit amet, consectetur adipiscing elit, sed do eiusmod tempor incididunt ut labore et dolore magna aliqua. Ut enim ad minim veniam, quis nostrud exercitation ullamco laboris nisi ut aliquip ex ea commodo consequat. Duis aute irure dolor in reprehenderit in voluptate velit esse cillum dolore eu fugiat nulla pariatur. Excepteur sint occaecat cupidatat non proident, sunt in culpa qui officia deserunt mollit anim id est laborum', 1937, 1),
(81, 'Poèmes', 'Lorem ipsum dolor sit amet, consectetur adipiscing elit, sed do eiusmod tempor incididunt ut labore et dolore magna aliqua. Ut enim ad minim veniam, quis nostrud exercitation ullamco laboris nisi ut aliquip ex ea commodo consequat. Duis aute irure dolor in reprehenderit in voluptate velit esse cillum dolore eu fugiat nulla pariatur. Excepteur sint occaecat cupidatat non proident, sunt in culpa qui officia deserunt mollit anim id est laborum', 1908, 1),
(82, 'Poèmes de la lune et de quelques étoiles', 'Lorem ipsum dolor sit amet, consectetur adipiscing elit, sed do eiusmod tempor incididunt ut labore et dolore magna aliqua. Ut enim ad minim veniam, quis nostrud exercitation ullamco laboris nisi ut aliquip ex ea commodo consequat. Duis aute irure dolor in reprehenderit in voluptate velit esse cillum dolore eu fugiat nulla pariatur. Excepteur sint occaecat cupidatat non proident, sunt in culpa qui officia deserunt mollit anim id est laborum', 1916, 1),
(83, 'Un rêve sans faim', 'Lorem ipsum dolor sit amet, consectetur adipiscing elit, sed do eiusmod tempor incididunt ut labore et dolore magna aliqua. Ut enim ad minim veniam, quis nostrud exercitation ullamco laboris nisi ut aliquip ex ea commodo consequat. Duis aute irure dolor in reprehenderit in voluptate velit esse cillum dolore eu fugiat nulla pariatur. Excepteur sint occaecat cupidatat non proident, sunt in culpa qui officia deserunt mollit anim id est laborum', 1870, 1),
(84, '153 jours en hiver', 'Lorem ipsum dolor sit amet, consectetur adipiscing elit, sed do eiusmod tempor incididunt ut labore et dolore magna aliqua. Ut enim ad minim veniam, quis nostrud exercitation ullamco laboris nisi ut aliquip ex ea commodo consequat. Duis aute irure dolor in reprehenderit in voluptate velit esse cillum dolore eu fugiat nulla pariatur. Excepteur sint occaecat cupidatat non proident, sunt in culpa qui officia deserunt mollit anim id est laborum', 2018, 12),
(85, '35 kilos d\'espoir', 'Lorem ipsum dolor sit amet, consectetur adipiscing elit, sed do eiusmod tempor incididunt ut labore et dolore magna aliqua. Ut enim ad minim veniam, quis nostrud exercitation ullamco laboris nisi ut aliquip ex ea commodo consequat. Duis aute irure dolor in reprehenderit in voluptate velit esse cillum dolore eu fugiat nulla pariatur. Excepteur sint occaecat cupidatat non proident, sunt in culpa qui officia deserunt mollit anim id est laborum', 1881, 38),
(86, '9 héroïnes de l\'antiquité', 'Lorem ipsum dolor sit amet, consectetur adipiscing elit, sed do eiusmod tempor incididunt ut labore et dolore magna aliqua. Ut enim ad minim veniam, quis nostrud exercitation ullamco laboris nisi ut aliquip ex ea commodo consequat. Duis aute irure dolor in reprehenderit in voluptate velit esse cillum dolore eu fugiat nulla pariatur. Excepteur sint occaecat cupidatat non proident, sunt in culpa qui officia deserunt mollit anim id est laborum', 1997, 11),
(87, 'Bashô', 'Lorem ipsum dolor sit amet, consectetur adipiscing elit, sed do eiusmod tempor incididunt ut labore et dolore magna aliqua. Ut enim ad minim veniam, quis nostrud exercitation ullamco laboris nisi ut aliquip ex ea commodo consequat. Duis aute irure dolor in reprehenderit in voluptate velit esse cillum dolore eu fugiat nulla pariatur. Excepteur sint occaecat cupidatat non proident, sunt in culpa qui officia deserunt mollit anim id est laborum', 1998, 30),
(88, 'Ça déménage !', 'Lorem ipsum dolor sit amet, consectetur adipiscing elit, sed do eiusmod tempor incididunt ut labore et dolore magna aliqua. Ut enim ad minim veniam, quis nostrud exercitation ullamco laboris nisi ut aliquip ex ea commodo consequat. Duis aute irure dolor in reprehenderit in voluptate velit esse cillum dolore eu fugiat nulla pariatur. Excepteur sint occaecat cupidatat non proident, sunt in culpa qui officia deserunt mollit anim id est laborum', 1984, 1),
(89, 'Cascades et gaufres à gogo', 'Lorem ipsum dolor sit amet, consectetur adipiscing elit, sed do eiusmod tempor incididunt ut labore et dolore magna aliqua. Ut enim ad minim veniam, quis nostrud exercitation ullamco laboris nisi ut aliquip ex ea commodo consequat. Duis aute irure dolor in reprehenderit in voluptate velit esse cillum dolore eu fugiat nulla pariatur. Excepteur sint occaecat cupidatat non proident, sunt in culpa qui officia deserunt mollit anim id est laborum', 2012, 42),
(90, 'Claudine de Lyon', 'Lorem ipsum dolor sit amet, consectetur adipiscing elit, sed do eiusmod tempor incididunt ut labore et dolore magna aliqua. Ut enim ad minim veniam, quis nostrud exercitation ullamco laboris nisi ut aliquip ex ea commodo consequat. Duis aute irure dolor in reprehenderit in voluptate velit esse cillum dolore eu fugiat nulla pariatur. Excepteur sint occaecat cupidatat non proident, sunt in culpa qui officia deserunt mollit anim id est laborum', 2017, 1),
(91, 'Demain les fleurs', 'Lorem ipsum dolor sit amet, consectetur adipiscing elit, sed do eiusmod tempor incididunt ut labore et dolore magna aliqua. Ut enim ad minim veniam, quis nostrud exercitation ullamco laboris nisi ut aliquip ex ea commodo consequat. Duis aute irure dolor in reprehenderit in voluptate velit esse cillum dolore eu fugiat nulla pariatur. Excepteur sint occaecat cupidatat non proident, sunt in culpa qui officia deserunt mollit anim id est laborum', 1988, 1),
(92, 'Harry Potter à l\'école des sorciers', 'Lorem ipsum dolor sit amet, consectetur adipiscing elit, sed do eiusmod tempor incididunt ut labore et dolore magna aliqua. Ut enim ad minim veniam, quis nostrud exercitation ullamco laboris nisi ut aliquip ex ea commodo consequat. Duis aute irure dolor in reprehenderit in voluptate velit esse cillum dolore eu fugiat nulla pariatur. Excepteur sint occaecat cupidatat non proident, sunt in culpa qui officia deserunt mollit anim id est laborum', 1912, 1),
(93, 'Hector le bouclier de Troie', 'Lorem ipsum dolor sit amet, consectetur adipiscing elit, sed do eiusmod tempor incididunt ut labore et dolore magna aliqua. Ut enim ad minim veniam, quis nostrud exercitation ullamco laboris nisi ut aliquip ex ea commodo consequat. Duis aute irure dolor in reprehenderit in voluptate velit esse cillum dolore eu fugiat nulla pariatur. Excepteur sint occaecat cupidatat non proident, sunt in culpa qui officia deserunt mollit anim id est laborum', 2013, 1),
(94, 'Il était une fois le monde', 'Lorem ipsum dolor sit amet, consectetur adipiscing elit, sed do eiusmod tempor incididunt ut labore et dolore magna aliqua. Ut enim ad minim veniam, quis nostrud exercitation ullamco laboris nisi ut aliquip ex ea commodo consequat. Duis aute irure dolor in reprehenderit in voluptate velit esse cillum dolore eu fugiat nulla pariatur. Excepteur sint occaecat cupidatat non proident, sunt in culpa qui officia deserunt mollit anim id est laborum', 1866, 8),
(95, 'Il faut sauver Saïd', 'Lorem ipsum dolor sit amet, consectetur adipiscing elit, sed do eiusmod tempor incididunt ut labore et dolore magna aliqua. Ut enim ad minim veniam, quis nostrud exercitation ullamco laboris nisi ut aliquip ex ea commodo consequat. Duis aute irure dolor in reprehenderit in voluptate velit esse cillum dolore eu fugiat nulla pariatur. Excepteur sint occaecat cupidatat non proident, sunt in culpa qui officia deserunt mollit anim id est laborum', 1861, 1),
(96, 'Impossible à dire', 'Lorem ipsum dolor sit amet, consectetur adipiscing elit, sed do eiusmod tempor incididunt ut labore et dolore magna aliqua. Ut enim ad minim veniam, quis nostrud exercitation ullamco laboris nisi ut aliquip ex ea commodo consequat. Duis aute irure dolor in reprehenderit in voluptate velit esse cillum dolore eu fugiat nulla pariatur. Excepteur sint occaecat cupidatat non proident, sunt in culpa qui officia deserunt mollit anim id est laborum', 1989, 1),
(97, 'Intrigues à Athènes', 'Lorem ipsum dolor sit amet, consectetur adipiscing elit, sed do eiusmod tempor incididunt ut labore et dolore magna aliqua. Ut enim ad minim veniam, quis nostrud exercitation ullamco laboris nisi ut aliquip ex ea commodo consequat. Duis aute irure dolor in reprehenderit in voluptate velit esse cillum dolore eu fugiat nulla pariatur. Excepteur sint occaecat cupidatat non proident, sunt in culpa qui officia deserunt mollit anim id est laborum', 1976, 26),
(98, 'Jonas,  le poisson et moi', 'Lorem ipsum dolor sit amet, consectetur adipiscing elit, sed do eiusmod tempor incididunt ut labore et dolore magna aliqua. Ut enim ad minim veniam, quis nostrud exercitation ullamco laboris nisi ut aliquip ex ea commodo consequat. Duis aute irure dolor in reprehenderit in voluptate velit esse cillum dolore eu fugiat nulla pariatur. Excepteur sint occaecat cupidatat non proident, sunt in culpa qui officia deserunt mollit anim id est laborum', 1915, 16),
(99, 'Kamo l\'agence Babel', 'Lorem ipsum dolor sit amet, consectetur adipiscing elit, sed do eiusmod tempor incididunt ut labore et dolore magna aliqua. Ut enim ad minim veniam, quis nostrud exercitation ullamco laboris nisi ut aliquip ex ea commodo consequat. Duis aute irure dolor in reprehenderit in voluptate velit esse cillum dolore eu fugiat nulla pariatur. Excepteur sint occaecat cupidatat non proident, sunt in culpa qui officia deserunt mollit anim id est laborum', 1935, 1),
(100, 'L.O.L.A.', 'Lorem ipsum dolor sit amet, consectetur adipiscing elit, sed do eiusmod tempor incididunt ut labore et dolore magna aliqua. Ut enim ad minim veniam, quis nostrud exercitation ullamco laboris nisi ut aliquip ex ea commodo consequat. Duis aute irure dolor in reprehenderit in voluptate velit esse cillum dolore eu fugiat nulla pariatur. Excepteur sint occaecat cupidatat non proident, sunt in culpa qui officia deserunt mollit anim id est laborum', 1863, 18),
(101, 'L’agneau qui ne voulait pas être un mouton', 'Lorem ipsum dolor sit amet, consectetur adipiscing elit, sed do eiusmod tempor incididunt ut labore et dolore magna aliqua. Ut enim ad minim veniam, quis nostrud exercitation ullamco laboris nisi ut aliquip ex ea commodo consequat. Duis aute irure dolor in reprehenderit in voluptate velit esse cillum dolore eu fugiat nulla pariatur. Excepteur sint occaecat cupidatat non proident, sunt in culpa qui officia deserunt mollit anim id est laborum', 1988, 27),
(102, 'L’arbre sans fin', 'Lorem ipsum dolor sit amet, consectetur adipiscing elit, sed do eiusmod tempor incididunt ut labore et dolore magna aliqua. Ut enim ad minim veniam, quis nostrud exercitation ullamco laboris nisi ut aliquip ex ea commodo consequat. Duis aute irure dolor in reprehenderit in voluptate velit esse cillum dolore eu fugiat nulla pariatur. Excepteur sint occaecat cupidatat non proident, sunt in culpa qui officia deserunt mollit anim id est laborum', 1987, 1);
INSERT INTO `oeuvres` (`id_oeuvre`, `titre_oeuvre`, `descriptif_oeuvre`, `annee_oeuvre`, `id_art`) VALUES
(103, 'L’enfant océan', 'Lorem ipsum dolor sit amet, consectetur adipiscing elit, sed do eiusmod tempor incididunt ut labore et dolore magna aliqua. Ut enim ad minim veniam, quis nostrud exercitation ullamco laboris nisi ut aliquip ex ea commodo consequat. Duis aute irure dolor in reprehenderit in voluptate velit esse cillum dolore eu fugiat nulla pariatur. Excepteur sint occaecat cupidatat non proident, sunt in culpa qui officia deserunt mollit anim id est laborum', 1981, 1),
(104, 'La Bible en 15 récits', 'Lorem ipsum dolor sit amet, consectetur adipiscing elit, sed do eiusmod tempor incididunt ut labore et dolore magna aliqua. Ut enim ad minim veniam, quis nostrud exercitation ullamco laboris nisi ut aliquip ex ea commodo consequat. Duis aute irure dolor in reprehenderit in voluptate velit esse cillum dolore eu fugiat nulla pariatur. Excepteur sint occaecat cupidatat non proident, sunt in culpa qui officia deserunt mollit anim id est laborum', 1933, 1),
(105, 'La conspiration des Dieux', 'Lorem ipsum dolor sit amet, consectetur adipiscing elit, sed do eiusmod tempor incididunt ut labore et dolore magna aliqua. Ut enim ad minim veniam, quis nostrud exercitation ullamco laboris nisi ut aliquip ex ea commodo consequat. Duis aute irure dolor in reprehenderit in voluptate velit esse cillum dolore eu fugiat nulla pariatur. Excepteur sint occaecat cupidatat non proident, sunt in culpa qui officia deserunt mollit anim id est laborum', 1932, 1),
(106, 'La fiancée du Nil', 'Lorem ipsum dolor sit amet, consectetur adipiscing elit, sed do eiusmod tempor incididunt ut labore et dolore magna aliqua. Ut enim ad minim veniam, quis nostrud exercitation ullamco laboris nisi ut aliquip ex ea commodo consequat. Duis aute irure dolor in reprehenderit in voluptate velit esse cillum dolore eu fugiat nulla pariatur. Excepteur sint occaecat cupidatat non proident, sunt in culpa qui officia deserunt mollit anim id est laborum', 1851, 1),
(107, 'La grande fabrique de mots', 'Lorem ipsum dolor sit amet, consectetur adipiscing elit, sed do eiusmod tempor incididunt ut labore et dolore magna aliqua. Ut enim ad minim veniam, quis nostrud exercitation ullamco laboris nisi ut aliquip ex ea commodo consequat. Duis aute irure dolor in reprehenderit in voluptate velit esse cillum dolore eu fugiat nulla pariatur. Excepteur sint occaecat cupidatat non proident, sunt in culpa qui officia deserunt mollit anim id est laborum', 1995, 15),
(108, 'La Lettre déchirée', 'Lorem ipsum dolor sit amet, consectetur adipiscing elit, sed do eiusmod tempor incididunt ut labore et dolore magna aliqua. Ut enim ad minim veniam, quis nostrud exercitation ullamco laboris nisi ut aliquip ex ea commodo consequat. Duis aute irure dolor in reprehenderit in voluptate velit esse cillum dolore eu fugiat nulla pariatur. Excepteur sint occaecat cupidatat non proident, sunt in culpa qui officia deserunt mollit anim id est laborum', 1859, 12),
(109, 'La loi du Roi Boris', 'Lorem ipsum dolor sit amet, consectetur adipiscing elit, sed do eiusmod tempor incididunt ut labore et dolore magna aliqua. Ut enim ad minim veniam, quis nostrud exercitation ullamco laboris nisi ut aliquip ex ea commodo consequat. Duis aute irure dolor in reprehenderit in voluptate velit esse cillum dolore eu fugiat nulla pariatur. Excepteur sint occaecat cupidatat non proident, sunt in culpa qui officia deserunt mollit anim id est laborum', 1961, 9),
(110, 'La rivière à l\'envers', 'Lorem ipsum dolor sit amet, consectetur adipiscing elit, sed do eiusmod tempor incididunt ut labore et dolore magna aliqua. Ut enim ad minim veniam, quis nostrud exercitation ullamco laboris nisi ut aliquip ex ea commodo consequat. Duis aute irure dolor in reprehenderit in voluptate velit esse cillum dolore eu fugiat nulla pariatur. Excepteur sint occaecat cupidatat non proident, sunt in culpa qui officia deserunt mollit anim id est laborum', 2013, 33),
(111, 'La vie merveilleuse de la princesse Olga', 'Lorem ipsum dolor sit amet, consectetur adipiscing elit, sed do eiusmod tempor incididunt ut labore et dolore magna aliqua. Ut enim ad minim veniam, quis nostrud exercitation ullamco laboris nisi ut aliquip ex ea commodo consequat. Duis aute irure dolor in reprehenderit in voluptate velit esse cillum dolore eu fugiat nulla pariatur. Excepteur sint occaecat cupidatat non proident, sunt in culpa qui officia deserunt mollit anim id est laborum', 1914, 1),
(112, 'L\'Afrique, petit Chaka', 'Lorem ipsum dolor sit amet, consectetur adipiscing elit, sed do eiusmod tempor incididunt ut labore et dolore magna aliqua. Ut enim ad minim veniam, quis nostrud exercitation ullamco laboris nisi ut aliquip ex ea commodo consequat. Duis aute irure dolor in reprehenderit in voluptate velit esse cillum dolore eu fugiat nulla pariatur. Excepteur sint occaecat cupidatat non proident, sunt in culpa qui officia deserunt mollit anim id est laborum', 1936, 1),
(113, 'Le cercle des patineurs', 'Lorem ipsum dolor sit amet, consectetur adipiscing elit, sed do eiusmod tempor incididunt ut labore et dolore magna aliqua. Ut enim ad minim veniam, quis nostrud exercitation ullamco laboris nisi ut aliquip ex ea commodo consequat. Duis aute irure dolor in reprehenderit in voluptate velit esse cillum dolore eu fugiat nulla pariatur. Excepteur sint occaecat cupidatat non proident, sunt in culpa qui officia deserunt mollit anim id est laborum', 2015, 12),
(114, 'Le garçon qui voulait courir vite', 'Lorem ipsum dolor sit amet, consectetur adipiscing elit, sed do eiusmod tempor incididunt ut labore et dolore magna aliqua. Ut enim ad minim veniam, quis nostrud exercitation ullamco laboris nisi ut aliquip ex ea commodo consequat. Duis aute irure dolor in reprehenderit in voluptate velit esse cillum dolore eu fugiat nulla pariatur. Excepteur sint occaecat cupidatat non proident, sunt in culpa qui officia deserunt mollit anim id est laborum', 1864, 1),
(115, 'Le plus vieux de la classe', 'Lorem ipsum dolor sit amet, consectetur adipiscing elit, sed do eiusmod tempor incididunt ut labore et dolore magna aliqua. Ut enim ad minim veniam, quis nostrud exercitation ullamco laboris nisi ut aliquip ex ea commodo consequat. Duis aute irure dolor in reprehenderit in voluptate velit esse cillum dolore eu fugiat nulla pariatur. Excepteur sint occaecat cupidatat non proident, sunt in culpa qui officia deserunt mollit anim id est laborum', 1867, 28),
(116, 'Le premier roi du monde : l\'épopée de Gilgamesh', 'Lorem ipsum dolor sit amet, consectetur adipiscing elit, sed do eiusmod tempor incididunt ut labore et dolore magna aliqua. Ut enim ad minim veniam, quis nostrud exercitation ullamco laboris nisi ut aliquip ex ea commodo consequat. Duis aute irure dolor in reprehenderit in voluptate velit esse cillum dolore eu fugiat nulla pariatur. Excepteur sint occaecat cupidatat non proident, sunt in culpa qui officia deserunt mollit anim id est laborum', 1972, 41),
(117, 'Le professeur de musique', 'Lorem ipsum dolor sit amet, consectetur adipiscing elit, sed do eiusmod tempor incididunt ut labore et dolore magna aliqua. Ut enim ad minim veniam, quis nostrud exercitation ullamco laboris nisi ut aliquip ex ea commodo consequat. Duis aute irure dolor in reprehenderit in voluptate velit esse cillum dolore eu fugiat nulla pariatur. Excepteur sint occaecat cupidatat non proident, sunt in culpa qui officia deserunt mollit anim id est laborum', 1975, 42),
(118, 'Le secret d\'Iona', 'Lorem ipsum dolor sit amet, consectetur adipiscing elit, sed do eiusmod tempor incididunt ut labore et dolore magna aliqua. Ut enim ad minim veniam, quis nostrud exercitation ullamco laboris nisi ut aliquip ex ea commodo consequat. Duis aute irure dolor in reprehenderit in voluptate velit esse cillum dolore eu fugiat nulla pariatur. Excepteur sint occaecat cupidatat non proident, sunt in culpa qui officia deserunt mollit anim id est laborum', 1894, 1),
(119, 'Le tigre de Baiming', 'Lorem ipsum dolor sit amet, consectetur adipiscing elit, sed do eiusmod tempor incididunt ut labore et dolore magna aliqua. Ut enim ad minim veniam, quis nostrud exercitation ullamco laboris nisi ut aliquip ex ea commodo consequat. Duis aute irure dolor in reprehenderit in voluptate velit esse cillum dolore eu fugiat nulla pariatur. Excepteur sint occaecat cupidatat non proident, sunt in culpa qui officia deserunt mollit anim id est laborum', 1999, 1),
(120, 'Le voyage de Mémé', 'Lorem ipsum dolor sit amet, consectetur adipiscing elit, sed do eiusmod tempor incididunt ut labore et dolore magna aliqua. Ut enim ad minim veniam, quis nostrud exercitation ullamco laboris nisi ut aliquip ex ea commodo consequat. Duis aute irure dolor in reprehenderit in voluptate velit esse cillum dolore eu fugiat nulla pariatur. Excepteur sint occaecat cupidatat non proident, sunt in culpa qui officia deserunt mollit anim id est laborum', 1861, 1),
(121, 'Les bizarres', 'Lorem ipsum dolor sit amet, consectetur adipiscing elit, sed do eiusmod tempor incididunt ut labore et dolore magna aliqua. Ut enim ad minim veniam, quis nostrud exercitation ullamco laboris nisi ut aliquip ex ea commodo consequat. Duis aute irure dolor in reprehenderit in voluptate velit esse cillum dolore eu fugiat nulla pariatur. Excepteur sint occaecat cupidatat non proident, sunt in culpa qui officia deserunt mollit anim id est laborum', 1934, 1),
(122, 'Les derniers jeux de Pompeï', 'Lorem ipsum dolor sit amet, consectetur adipiscing elit, sed do eiusmod tempor incididunt ut labore et dolore magna aliqua. Ut enim ad minim veniam, quis nostrud exercitation ullamco laboris nisi ut aliquip ex ea commodo consequat. Duis aute irure dolor in reprehenderit in voluptate velit esse cillum dolore eu fugiat nulla pariatur. Excepteur sint occaecat cupidatat non proident, sunt in culpa qui officia deserunt mollit anim id est laborum', 1920, 1),
(123, 'Les dieux s\'amusent', 'Lorem ipsum dolor sit amet, consectetur adipiscing elit, sed do eiusmod tempor incididunt ut labore et dolore magna aliqua. Ut enim ad minim veniam, quis nostrud exercitation ullamco laboris nisi ut aliquip ex ea commodo consequat. Duis aute irure dolor in reprehenderit in voluptate velit esse cillum dolore eu fugiat nulla pariatur. Excepteur sint occaecat cupidatat non proident, sunt in culpa qui officia deserunt mollit anim id est laborum', 2014, 1),
(124, 'Lettres à plumes et à poils', 'Lorem ipsum dolor sit amet, consectetur adipiscing elit, sed do eiusmod tempor incididunt ut labore et dolore magna aliqua. Ut enim ad minim veniam, quis nostrud exercitation ullamco laboris nisi ut aliquip ex ea commodo consequat. Duis aute irure dolor in reprehenderit in voluptate velit esse cillum dolore eu fugiat nulla pariatur. Excepteur sint occaecat cupidatat non proident, sunt in culpa qui officia deserunt mollit anim id est laborum', 1988, 43),
(125, 'Lettres d\'amour de 0 à 10', 'Lorem ipsum dolor sit amet, consectetur adipiscing elit, sed do eiusmod tempor incididunt ut labore et dolore magna aliqua. Ut enim ad minim veniam, quis nostrud exercitation ullamco laboris nisi ut aliquip ex ea commodo consequat. Duis aute irure dolor in reprehenderit in voluptate velit esse cillum dolore eu fugiat nulla pariatur. Excepteur sint occaecat cupidatat non proident, sunt in culpa qui officia deserunt mollit anim id est laborum', 2004, 30),
(126, 'Lilas', 'Lorem ipsum dolor sit amet, consectetur adipiscing elit, sed do eiusmod tempor incididunt ut labore et dolore magna aliqua. Ut enim ad minim veniam, quis nostrud exercitation ullamco laboris nisi ut aliquip ex ea commodo consequat. Duis aute irure dolor in reprehenderit in voluptate velit esse cillum dolore eu fugiat nulla pariatur. Excepteur sint occaecat cupidatat non proident, sunt in culpa qui officia deserunt mollit anim id est laborum', 2015, 33),
(127, 'L\'inconnu du Pacifique', 'Lorem ipsum dolor sit amet, consectetur adipiscing elit, sed do eiusmod tempor incididunt ut labore et dolore magna aliqua. Ut enim ad minim veniam, quis nostrud exercitation ullamco laboris nisi ut aliquip ex ea commodo consequat. Duis aute irure dolor in reprehenderit in voluptate velit esse cillum dolore eu fugiat nulla pariatur. Excepteur sint occaecat cupidatat non proident, sunt in culpa qui officia deserunt mollit anim id est laborum', 2012, 31),
(128, 'L\'œil du loup', 'Lorem ipsum dolor sit amet, consectetur adipiscing elit, sed do eiusmod tempor incididunt ut labore et dolore magna aliqua. Ut enim ad minim veniam, quis nostrud exercitation ullamco laboris nisi ut aliquip ex ea commodo consequat. Duis aute irure dolor in reprehenderit in voluptate velit esse cillum dolore eu fugiat nulla pariatur. Excepteur sint occaecat cupidatat non proident, sunt in culpa qui officia deserunt mollit anim id est laborum', 1916, 1),
(129, 'Loin de la ville en flammes', 'Lorem ipsum dolor sit amet, consectetur adipiscing elit, sed do eiusmod tempor incididunt ut labore et dolore magna aliqua. Ut enim ad minim veniam, quis nostrud exercitation ullamco laboris nisi ut aliquip ex ea commodo consequat. Duis aute irure dolor in reprehenderit in voluptate velit esse cillum dolore eu fugiat nulla pariatur. Excepteur sint occaecat cupidatat non proident, sunt in culpa qui officia deserunt mollit anim id est laborum', 1930, 1),
(130, 'Ma couleur', 'Lorem ipsum dolor sit amet, consectetur adipiscing elit, sed do eiusmod tempor incididunt ut labore et dolore magna aliqua. Ut enim ad minim veniam, quis nostrud exercitation ullamco laboris nisi ut aliquip ex ea commodo consequat. Duis aute irure dolor in reprehenderit in voluptate velit esse cillum dolore eu fugiat nulla pariatur. Excepteur sint occaecat cupidatat non proident, sunt in culpa qui officia deserunt mollit anim id est laborum', 1923, 13),
(131, 'Nitocris, reine d\'Egypte', 'Lorem ipsum dolor sit amet, consectetur adipiscing elit, sed do eiusmod tempor incididunt ut labore et dolore magna aliqua. Ut enim ad minim veniam, quis nostrud exercitation ullamco laboris nisi ut aliquip ex ea commodo consequat. Duis aute irure dolor in reprehenderit in voluptate velit esse cillum dolore eu fugiat nulla pariatur. Excepteur sint occaecat cupidatat non proident, sunt in culpa qui officia deserunt mollit anim id est laborum', 1998, 34),
(132, 'Œdipe schlac ! schlac !', 'Lorem ipsum dolor sit amet, consectetur adipiscing elit, sed do eiusmod tempor incididunt ut labore et dolore magna aliqua. Ut enim ad minim veniam, quis nostrud exercitation ullamco laboris nisi ut aliquip ex ea commodo consequat. Duis aute irure dolor in reprehenderit in voluptate velit esse cillum dolore eu fugiat nulla pariatur. Excepteur sint occaecat cupidatat non proident, sunt in culpa qui officia deserunt mollit anim id est laborum', 1915, 1),
(133, 'Passer au rouge', 'Lorem ipsum dolor sit amet, consectetur adipiscing elit, sed do eiusmod tempor incididunt ut labore et dolore magna aliqua. Ut enim ad minim veniam, quis nostrud exercitation ullamco laboris nisi ut aliquip ex ea commodo consequat. Duis aute irure dolor in reprehenderit in voluptate velit esse cillum dolore eu fugiat nulla pariatur. Excepteur sint occaecat cupidatat non proident, sunt in culpa qui officia deserunt mollit anim id est laborum', 1908, 1),
(134, 'Passeuse de rêves', 'Lorem ipsum dolor sit amet, consectetur adipiscing elit, sed do eiusmod tempor incididunt ut labore et dolore magna aliqua. Ut enim ad minim veniam, quis nostrud exercitation ullamco laboris nisi ut aliquip ex ea commodo consequat. Duis aute irure dolor in reprehenderit in voluptate velit esse cillum dolore eu fugiat nulla pariatur. Excepteur sint occaecat cupidatat non proident, sunt in culpa qui officia deserunt mollit anim id est laborum', 1942, 1),
(135, 'Petits contes à régler,  le cas Rubis C.', 'Lorem ipsum dolor sit amet, consectetur adipiscing elit, sed do eiusmod tempor incididunt ut labore et dolore magna aliqua. Ut enim ad minim veniam, quis nostrud exercitation ullamco laboris nisi ut aliquip ex ea commodo consequat. Duis aute irure dolor in reprehenderit in voluptate velit esse cillum dolore eu fugiat nulla pariatur. Excepteur sint occaecat cupidatat non proident, sunt in culpa qui officia deserunt mollit anim id est laborum', 1984, 31),
(136, 'Rebelle Antigone', 'Lorem ipsum dolor sit amet, consectetur adipiscing elit, sed do eiusmod tempor incididunt ut labore et dolore magna aliqua. Ut enim ad minim veniam, quis nostrud exercitation ullamco laboris nisi ut aliquip ex ea commodo consequat. Duis aute irure dolor in reprehenderit in voluptate velit esse cillum dolore eu fugiat nulla pariatur. Excepteur sint occaecat cupidatat non proident, sunt in culpa qui officia deserunt mollit anim id est laborum', 1921, 38),
(137, 'Sagesses et malices des dieux grecs', 'Lorem ipsum dolor sit amet, consectetur adipiscing elit, sed do eiusmod tempor incididunt ut labore et dolore magna aliqua. Ut enim ad minim veniam, quis nostrud exercitation ullamco laboris nisi ut aliquip ex ea commodo consequat. Duis aute irure dolor in reprehenderit in voluptate velit esse cillum dolore eu fugiat nulla pariatur. Excepteur sint occaecat cupidatat non proident, sunt in culpa qui officia deserunt mollit anim id est laborum', 1864, 1),
(138, 'Spinoza et moi', 'Lorem ipsum dolor sit amet, consectetur adipiscing elit, sed do eiusmod tempor incididunt ut labore et dolore magna aliqua. Ut enim ad minim veniam, quis nostrud exercitation ullamco laboris nisi ut aliquip ex ea commodo consequat. Duis aute irure dolor in reprehenderit in voluptate velit esse cillum dolore eu fugiat nulla pariatur. Excepteur sint occaecat cupidatat non proident, sunt in culpa qui officia deserunt mollit anim id est laborum', 1864, 1),
(139, 'Suivez-moi jeune homme', 'Lorem ipsum dolor sit amet, consectetur adipiscing elit, sed do eiusmod tempor incididunt ut labore et dolore magna aliqua. Ut enim ad minim veniam, quis nostrud exercitation ullamco laboris nisi ut aliquip ex ea commodo consequat. Duis aute irure dolor in reprehenderit in voluptate velit esse cillum dolore eu fugiat nulla pariatur. Excepteur sint occaecat cupidatat non proident, sunt in culpa qui officia deserunt mollit anim id est laborum', 1941, 13),
(140, 'Thésée, comment naissent les légendes', 'Lorem ipsum dolor sit amet, consectetur adipiscing elit, sed do eiusmod tempor incididunt ut labore et dolore magna aliqua. Ut enim ad minim veniam, quis nostrud exercitation ullamco laboris nisi ut aliquip ex ea commodo consequat. Duis aute irure dolor in reprehenderit in voluptate velit esse cillum dolore eu fugiat nulla pariatur. Excepteur sint occaecat cupidatat non proident, sunt in culpa qui officia deserunt mollit anim id est laborum', 1858, 1),
(141, 'Tu peux pas rester là', 'Lorem ipsum dolor sit amet, consectetur adipiscing elit, sed do eiusmod tempor incididunt ut labore et dolore magna aliqua. Ut enim ad minim veniam, quis nostrud exercitation ullamco laboris nisi ut aliquip ex ea commodo consequat. Duis aute irure dolor in reprehenderit in voluptate velit esse cillum dolore eu fugiat nulla pariatur. Excepteur sint occaecat cupidatat non proident, sunt in culpa qui officia deserunt mollit anim id est laborum', 2017, 49),
(142, 'Un écrivain à la maison', 'Lorem ipsum dolor sit amet, consectetur adipiscing elit, sed do eiusmod tempor incididunt ut labore et dolore magna aliqua. Ut enim ad minim veniam, quis nostrud exercitation ullamco laboris nisi ut aliquip ex ea commodo consequat. Duis aute irure dolor in reprehenderit in voluptate velit esse cillum dolore eu fugiat nulla pariatur. Excepteur sint occaecat cupidatat non proident, sunt in culpa qui officia deserunt mollit anim id est laborum', 1900, 1),
(143, 'Une incroyable histoire', 'Lorem ipsum dolor sit amet, consectetur adipiscing elit, sed do eiusmod tempor incididunt ut labore et dolore magna aliqua. Ut enim ad minim veniam, quis nostrud exercitation ullamco laboris nisi ut aliquip ex ea commodo consequat. Duis aute irure dolor in reprehenderit in voluptate velit esse cillum dolore eu fugiat nulla pariatur. Excepteur sint occaecat cupidatat non proident, sunt in culpa qui officia deserunt mollit anim id est laborum', 1889, 2),
(144, 'Ah Anabelle !', 'Lorem ipsum dolor sit amet, consectetur adipiscing elit, sed do eiusmod tempor incididunt ut labore et dolore magna aliqua. Ut enim ad minim veniam, quis nostrud exercitation ullamco laboris nisi ut aliquip ex ea commodo consequat. Duis aute irure dolor in reprehenderit in voluptate velit esse cillum dolore eu fugiat nulla pariatur. Excepteur sint occaecat cupidatat non proident, sunt in culpa qui officia deserunt mollit anim id est laborum', 1987, 29),
(145, 'Belle des eaux', 'Lorem ipsum dolor sit amet, consectetur adipiscing elit, sed do eiusmod tempor incididunt ut labore et dolore magna aliqua. Ut enim ad minim veniam, quis nostrud exercitation ullamco laboris nisi ut aliquip ex ea commodo consequat. Duis aute irure dolor in reprehenderit in voluptate velit esse cillum dolore eu fugiat nulla pariatur. Excepteur sint occaecat cupidatat non proident, sunt in culpa qui officia deserunt mollit anim id est laborum', 1978, 1),
(146, 'Chant de mines', 'Lorem ipsum dolor sit amet, consectetur adipiscing elit, sed do eiusmod tempor incididunt ut labore et dolore magna aliqua. Ut enim ad minim veniam, quis nostrud exercitation ullamco laboris nisi ut aliquip ex ea commodo consequat. Duis aute irure dolor in reprehenderit in voluptate velit esse cillum dolore eu fugiat nulla pariatur. Excepteur sint occaecat cupidatat non proident, sunt in culpa qui officia deserunt mollit anim id est laborum', 1942, 1),
(147, 'Dans ma maison de papier,  j\'ai des poèmes sur le feu', 'Lorem ipsum dolor sit amet, consectetur adipiscing elit, sed do eiusmod tempor incididunt ut labore et dolore magna aliqua. Ut enim ad minim veniam, quis nostrud exercitation ullamco laboris nisi ut aliquip ex ea commodo consequat. Duis aute irure dolor in reprehenderit in voluptate velit esse cillum dolore eu fugiat nulla pariatur. Excepteur sint occaecat cupidatat non proident, sunt in culpa qui officia deserunt mollit anim id est laborum', 1922, 1),
(148, 'Debout', 'Lorem ipsum dolor sit amet, consectetur adipiscing elit, sed do eiusmod tempor incididunt ut labore et dolore magna aliqua. Ut enim ad minim veniam, quis nostrud exercitation ullamco laboris nisi ut aliquip ex ea commodo consequat. Duis aute irure dolor in reprehenderit in voluptate velit esse cillum dolore eu fugiat nulla pariatur. Excepteur sint occaecat cupidatat non proident, sunt in culpa qui officia deserunt mollit anim id est laborum', 1857, 38),
(149, 'La nuit même pas peur', 'Lorem ipsum dolor sit amet, consectetur adipiscing elit, sed do eiusmod tempor incididunt ut labore et dolore magna aliqua. Ut enim ad minim veniam, quis nostrud exercitation ullamco laboris nisi ut aliquip ex ea commodo consequat. Duis aute irure dolor in reprehenderit in voluptate velit esse cillum dolore eu fugiat nulla pariatur. Excepteur sint occaecat cupidatat non proident, sunt in culpa qui officia deserunt mollit anim id est laborum', 1912, 1),
(150, 'L\'assassin sans scrupules…', 'Lorem ipsum dolor sit amet, consectetur adipiscing elit, sed do eiusmod tempor incididunt ut labore et dolore magna aliqua. Ut enim ad minim veniam, quis nostrud exercitation ullamco laboris nisi ut aliquip ex ea commodo consequat. Duis aute irure dolor in reprehenderit in voluptate velit esse cillum dolore eu fugiat nulla pariatur. Excepteur sint occaecat cupidatat non proident, sunt in culpa qui officia deserunt mollit anim id est laborum', 1994, 1),
(151, 'Le gobe-douille et autres diablogues', 'Lorem ipsum dolor sit amet, consectetur adipiscing elit, sed do eiusmod tempor incididunt ut labore et dolore magna aliqua. Ut enim ad minim veniam, quis nostrud exercitation ullamco laboris nisi ut aliquip ex ea commodo consequat. Duis aute irure dolor in reprehenderit in voluptate velit esse cillum dolore eu fugiat nulla pariatur. Excepteur sint occaecat cupidatat non proident, sunt in culpa qui officia deserunt mollit anim id est laborum', 1953, 1),
(152, 'Le petit chaperon rouge', 'Lorem ipsum dolor sit amet, consectetur adipiscing elit, sed do eiusmod tempor incididunt ut labore et dolore magna aliqua. Ut enim ad minim veniam, quis nostrud exercitation ullamco laboris nisi ut aliquip ex ea commodo consequat. Duis aute irure dolor in reprehenderit in voluptate velit esse cillum dolore eu fugiat nulla pariatur. Excepteur sint occaecat cupidatat non proident, sunt in culpa qui officia deserunt mollit anim id est laborum', 1953, 35),
(153, 'Le sable dans les yeux', 'Lorem ipsum dolor sit amet, consectetur adipiscing elit, sed do eiusmod tempor incididunt ut labore et dolore magna aliqua. Ut enim ad minim veniam, quis nostrud exercitation ullamco laboris nisi ut aliquip ex ea commodo consequat. Duis aute irure dolor in reprehenderit in voluptate velit esse cillum dolore eu fugiat nulla pariatur. Excepteur sint occaecat cupidatat non proident, sunt in culpa qui officia deserunt mollit anim id est laborum', 1962, 49),
(154, 'L\'eau de la vie', 'Lorem ipsum dolor sit amet, consectetur adipiscing elit, sed do eiusmod tempor incididunt ut labore et dolore magna aliqua. Ut enim ad minim veniam, quis nostrud exercitation ullamco laboris nisi ut aliquip ex ea commodo consequat. Duis aute irure dolor in reprehenderit in voluptate velit esse cillum dolore eu fugiat nulla pariatur. Excepteur sint occaecat cupidatat non proident, sunt in culpa qui officia deserunt mollit anim id est laborum', 2008, 44),
(155, 'L\'ogrelet', 'Lorem ipsum dolor sit amet, consectetur adipiscing elit, sed do eiusmod tempor incididunt ut labore et dolore magna aliqua. Ut enim ad minim veniam, quis nostrud exercitation ullamco laboris nisi ut aliquip ex ea commodo consequat. Duis aute irure dolor in reprehenderit in voluptate velit esse cillum dolore eu fugiat nulla pariatur. Excepteur sint occaecat cupidatat non proident, sunt in culpa qui officia deserunt mollit anim id est laborum', 1916, 34),
(156, 'Maman dans le vent', 'Lorem ipsum dolor sit amet, consectetur adipiscing elit, sed do eiusmod tempor incididunt ut labore et dolore magna aliqua. Ut enim ad minim veniam, quis nostrud exercitation ullamco laboris nisi ut aliquip ex ea commodo consequat. Duis aute irure dolor in reprehenderit in voluptate velit esse cillum dolore eu fugiat nulla pariatur. Excepteur sint occaecat cupidatat non proident, sunt in culpa qui officia deserunt mollit anim id est laborum', 1981, 18),
(157, 'Mange ta main', 'Lorem ipsum dolor sit amet, consectetur adipiscing elit, sed do eiusmod tempor incididunt ut labore et dolore magna aliqua. Ut enim ad minim veniam, quis nostrud exercitation ullamco laboris nisi ut aliquip ex ea commodo consequat. Duis aute irure dolor in reprehenderit in voluptate velit esse cillum dolore eu fugiat nulla pariatur. Excepteur sint occaecat cupidatat non proident, sunt in culpa qui officia deserunt mollit anim id est laborum', 1960, 47),
(158, 'Marie des grenouilles', 'Lorem ipsum dolor sit amet, consectetur adipiscing elit, sed do eiusmod tempor incididunt ut labore et dolore magna aliqua. Ut enim ad minim veniam, quis nostrud exercitation ullamco laboris nisi ut aliquip ex ea commodo consequat. Duis aute irure dolor in reprehenderit in voluptate velit esse cillum dolore eu fugiat nulla pariatur. Excepteur sint occaecat cupidatat non proident, sunt in culpa qui officia deserunt mollit anim id est laborum', 2014, 26),
(159, 'Mon frère,  ma princesse', 'Lorem ipsum dolor sit amet, consectetur adipiscing elit, sed do eiusmod tempor incididunt ut labore et dolore magna aliqua. Ut enim ad minim veniam, quis nostrud exercitation ullamco laboris nisi ut aliquip ex ea commodo consequat. Duis aute irure dolor in reprehenderit in voluptate velit esse cillum dolore eu fugiat nulla pariatur. Excepteur sint occaecat cupidatat non proident, sunt in culpa qui officia deserunt mollit anim id est laborum', 1904, 30),
(160, 'Pacamambo', 'Lorem ipsum dolor sit amet, consectetur adipiscing elit, sed do eiusmod tempor incididunt ut labore et dolore magna aliqua. Ut enim ad minim veniam, quis nostrud exercitation ullamco laboris nisi ut aliquip ex ea commodo consequat. Duis aute irure dolor in reprehenderit in voluptate velit esse cillum dolore eu fugiat nulla pariatur. Excepteur sint occaecat cupidatat non proident, sunt in culpa qui officia deserunt mollit anim id est laborum', 2006, 1),
(161, 'Petits sauvages', 'Lorem ipsum dolor sit amet, consectetur adipiscing elit, sed do eiusmod tempor incididunt ut labore et dolore magna aliqua. Ut enim ad minim veniam, quis nostrud exercitation ullamco laboris nisi ut aliquip ex ea commodo consequat. Duis aute irure dolor in reprehenderit in voluptate velit esse cillum dolore eu fugiat nulla pariatur. Excepteur sint occaecat cupidatat non proident, sunt in culpa qui officia deserunt mollit anim id est laborum', 1922, 14),
(162, 'Une petite sirène', 'Lorem ipsum dolor sit amet, consectetur adipiscing elit, sed do eiusmod tempor incididunt ut labore et dolore magna aliqua. Ut enim ad minim veniam, quis nostrud exercitation ullamco laboris nisi ut aliquip ex ea commodo consequat. Duis aute irure dolor in reprehenderit in voluptate velit esse cillum dolore eu fugiat nulla pariatur. Excepteur sint occaecat cupidatat non proident, sunt in culpa qui officia deserunt mollit anim id est laborum', 1923, 1),
(163, 'Yaël Tautavel', 'Lorem ipsum dolor sit amet, consectetur adipiscing elit, sed do eiusmod tempor incididunt ut labore et dolore magna aliqua. Ut enim ad minim veniam, quis nostrud exercitation ullamco laboris nisi ut aliquip ex ea commodo consequat. Duis aute irure dolor in reprehenderit in voluptate velit esse cillum dolore eu fugiat nulla pariatur. Excepteur sint occaecat cupidatat non proident, sunt in culpa qui officia deserunt mollit anim id est laborum', 1859, 1),
(164, 'Pas à vendre !', 'Lorem ipsum dolor sit amet, consectetur adipiscing elit, sed do eiusmod tempor incididunt ut labore et dolore magna aliqua. Ut enim ad minim veniam, quis nostrud exercitation ullamco laboris nisi ut aliquip ex ea commodo consequat. Duis aute irure dolor in reprehenderit in voluptate velit esse cillum dolore eu fugiat nulla pariatur. Excepteur sint occaecat cupidatat non proident, sunt in culpa qui officia deserunt mollit anim id est laborum', 2015, 1),
(165, 'Histoire des sciences en BD : Moyen Âge et Renaissance', 'Lorem ipsum dolor sit amet, consectetur adipiscing elit, sed do eiusmod tempor incididunt ut labore et dolore magna aliqua. Ut enim ad minim veniam, quis nostrud exercitation ullamco laboris nisi ut aliquip ex ea commodo consequat. Duis aute irure dolor in reprehenderit in voluptate velit esse cillum dolore eu fugiat nulla pariatur. Excepteur sint occaecat cupidatat non proident, sunt in culpa qui officia deserunt mollit anim id est laborum', 1960, 1),
(166, 'Hosni', 'Lorem ipsum dolor sit amet, consectetur adipiscing elit, sed do eiusmod tempor incididunt ut labore et dolore magna aliqua. Ut enim ad minim veniam, quis nostrud exercitation ullamco laboris nisi ut aliquip ex ea commodo consequat. Duis aute irure dolor in reprehenderit in voluptate velit esse cillum dolore eu fugiat nulla pariatur. Excepteur sint occaecat cupidatat non proident, sunt in culpa qui officia deserunt mollit anim id est laborum', 1976, 1),
(167, 'La biodiversité selon Lagaffe', 'Lorem ipsum dolor sit amet, consectetur adipiscing elit, sed do eiusmod tempor incididunt ut labore et dolore magna aliqua. Ut enim ad minim veniam, quis nostrud exercitation ullamco laboris nisi ut aliquip ex ea commodo consequat. Duis aute irure dolor in reprehenderit in voluptate velit esse cillum dolore eu fugiat nulla pariatur. Excepteur sint occaecat cupidatat non proident, sunt in culpa qui officia deserunt mollit anim id est laborum', 1998, 39),
(168, 'Le marathon de Safia', 'Lorem ipsum dolor sit amet, consectetur adipiscing elit, sed do eiusmod tempor incididunt ut labore et dolore magna aliqua. Ut enim ad minim veniam, quis nostrud exercitation ullamco laboris nisi ut aliquip ex ea commodo consequat. Duis aute irure dolor in reprehenderit in voluptate velit esse cillum dolore eu fugiat nulla pariatur. Excepteur sint occaecat cupidatat non proident, sunt in culpa qui officia deserunt mollit anim id est laborum', 1978, 9),
(169, 'L\'Île au trésor', 'Lorem ipsum dolor sit amet, consectetur adipiscing elit, sed do eiusmod tempor incididunt ut labore et dolore magna aliqua. Ut enim ad minim veniam, quis nostrud exercitation ullamco laboris nisi ut aliquip ex ea commodo consequat. Duis aute irure dolor in reprehenderit in voluptate velit esse cillum dolore eu fugiat nulla pariatur. Excepteur sint occaecat cupidatat non proident, sunt in culpa qui officia deserunt mollit anim id est laborum', 1993, 1),
(170, 'Dis-moi un poème qui espère', 'Lorem ipsum dolor sit amet, consectetur adipiscing elit, sed do eiusmod tempor incididunt ut labore et dolore magna aliqua. Ut enim ad minim veniam, quis nostrud exercitation ullamco laboris nisi ut aliquip ex ea commodo consequat. Duis aute irure dolor in reprehenderit in voluptate velit esse cillum dolore eu fugiat nulla pariatur. Excepteur sint occaecat cupidatat non proident, sunt in culpa qui officia deserunt mollit anim id est laborum', 1887, 3),
(171, 'Ici', 'Lorem ipsum dolor sit amet, consectetur adipiscing elit, sed do eiusmod tempor incididunt ut labore et dolore magna aliqua. Ut enim ad minim veniam, quis nostrud exercitation ullamco laboris nisi ut aliquip ex ea commodo consequat. Duis aute irure dolor in reprehenderit in voluptate velit esse cillum dolore eu fugiat nulla pariatur. Excepteur sint occaecat cupidatat non proident, sunt in culpa qui officia deserunt mollit anim id est laborum', 2004, 1),
(172, 'Le rire en poésie', 'Lorem ipsum dolor sit amet, consectetur adipiscing elit, sed do eiusmod tempor incididunt ut labore et dolore magna aliqua. Ut enim ad minim veniam, quis nostrud exercitation ullamco laboris nisi ut aliquip ex ea commodo consequat. Duis aute irure dolor in reprehenderit in voluptate velit esse cillum dolore eu fugiat nulla pariatur. Excepteur sint occaecat cupidatat non proident, sunt in culpa qui officia deserunt mollit anim id est laborum', 1966, 1),
(173, 'Lire et écrire', 'Lorem ipsum dolor sit amet, consectetur adipiscing elit, sed do eiusmod tempor incididunt ut labore et dolore magna aliqua. Ut enim ad minim veniam, quis nostrud exercitation ullamco laboris nisi ut aliquip ex ea commodo consequat. Duis aute irure dolor in reprehenderit in voluptate velit esse cillum dolore eu fugiat nulla pariatur. Excepteur sint occaecat cupidatat non proident, sunt in culpa qui officia deserunt mollit anim id est laborum', 1959, 1),
(174, 'Métamorphoses, petite fabrique de poésie', 'Lorem ipsum dolor sit amet, consectetur adipiscing elit, sed do eiusmod tempor incididunt ut labore et dolore magna aliqua. Ut enim ad minim veniam, quis nostrud exercitation ullamco laboris nisi ut aliquip ex ea commodo consequat. Duis aute irure dolor in reprehenderit in voluptate velit esse cillum dolore eu fugiat nulla pariatur. Excepteur sint occaecat cupidatat non proident, sunt in culpa qui officia deserunt mollit anim id est laborum', 2004, 1),
(175, 'Poèmes', 'Lorem ipsum dolor sit amet, consectetur adipiscing elit, sed do eiusmod tempor incididunt ut labore et dolore magna aliqua. Ut enim ad minim veniam, quis nostrud exercitation ullamco laboris nisi ut aliquip ex ea commodo consequat. Duis aute irure dolor in reprehenderit in voluptate velit esse cillum dolore eu fugiat nulla pariatur. Excepteur sint occaecat cupidatat non proident, sunt in culpa qui officia deserunt mollit anim id est laborum', 1863, 8),
(176, 'Poèmes', 'Lorem ipsum dolor sit amet, consectetur adipiscing elit, sed do eiusmod tempor incididunt ut labore et dolore magna aliqua. Ut enim ad minim veniam, quis nostrud exercitation ullamco laboris nisi ut aliquip ex ea commodo consequat. Duis aute irure dolor in reprehenderit in voluptate velit esse cillum dolore eu fugiat nulla pariatur. Excepteur sint occaecat cupidatat non proident, sunt in culpa qui officia deserunt mollit anim id est laborum', 1979, 35),
(177, '13 contes du Coran et de l\'Islam', 'Lorem ipsum dolor sit amet, consectetur adipiscing elit, sed do eiusmod tempor incididunt ut labore et dolore magna aliqua. Ut enim ad minim veniam, quis nostrud exercitation ullamco laboris nisi ut aliquip ex ea commodo consequat. Duis aute irure dolor in reprehenderit in voluptate velit esse cillum dolore eu fugiat nulla pariatur. Excepteur sint occaecat cupidatat non proident, sunt in culpa qui officia deserunt mollit anim id est laborum', 1942, 1),
(178, 'Ali Zaoua, prince de la rue', 'Lorem ipsum dolor sit amet, consectetur adipiscing elit, sed do eiusmod tempor incididunt ut labore et dolore magna aliqua. Ut enim ad minim veniam, quis nostrud exercitation ullamco laboris nisi ut aliquip ex ea commodo consequat. Duis aute irure dolor in reprehenderit in voluptate velit esse cillum dolore eu fugiat nulla pariatur. Excepteur sint occaecat cupidatat non proident, sunt in culpa qui officia deserunt mollit anim id est laborum', 1946, 1),
(179, 'Artémis Fowl', 'Lorem ipsum dolor sit amet, consectetur adipiscing elit, sed do eiusmod tempor incididunt ut labore et dolore magna aliqua. Ut enim ad minim veniam, quis nostrud exercitation ullamco laboris nisi ut aliquip ex ea commodo consequat. Duis aute irure dolor in reprehenderit in voluptate velit esse cillum dolore eu fugiat nulla pariatur. Excepteur sint occaecat cupidatat non proident, sunt in culpa qui officia deserunt mollit anim id est laborum', 1876, 13),
(180, 'Bleu Toxic', 'Lorem ipsum dolor sit amet, consectetur adipiscing elit, sed do eiusmod tempor incididunt ut labore et dolore magna aliqua. Ut enim ad minim veniam, quis nostrud exercitation ullamco laboris nisi ut aliquip ex ea commodo consequat. Duis aute irure dolor in reprehenderit in voluptate velit esse cillum dolore eu fugiat nulla pariatur. Excepteur sint occaecat cupidatat non proident, sunt in culpa qui officia deserunt mollit anim id est laborum', 2010, 12),
(181, 'D\'un monde à l\'autre', 'Lorem ipsum dolor sit amet, consectetur adipiscing elit, sed do eiusmod tempor incididunt ut labore et dolore magna aliqua. Ut enim ad minim veniam, quis nostrud exercitation ullamco laboris nisi ut aliquip ex ea commodo consequat. Duis aute irure dolor in reprehenderit in voluptate velit esse cillum dolore eu fugiat nulla pariatur. Excepteur sint occaecat cupidatat non proident, sunt in culpa qui officia deserunt mollit anim id est laborum', 1928, 40),
(182, 'Eliza et le petit-duc', 'Lorem ipsum dolor sit amet, consectetur adipiscing elit, sed do eiusmod tempor incididunt ut labore et dolore magna aliqua. Ut enim ad minim veniam, quis nostrud exercitation ullamco laboris nisi ut aliquip ex ea commodo consequat. Duis aute irure dolor in reprehenderit in voluptate velit esse cillum dolore eu fugiat nulla pariatur. Excepteur sint occaecat cupidatat non proident, sunt in culpa qui officia deserunt mollit anim id est laborum', 1952, 1),
(183, 'Esclave !', 'Lorem ipsum dolor sit amet, consectetur adipiscing elit, sed do eiusmod tempor incididunt ut labore et dolore magna aliqua. Ut enim ad minim veniam, quis nostrud exercitation ullamco laboris nisi ut aliquip ex ea commodo consequat. Duis aute irure dolor in reprehenderit in voluptate velit esse cillum dolore eu fugiat nulla pariatur. Excepteur sint occaecat cupidatat non proident, sunt in culpa qui officia deserunt mollit anim id est laborum', 1905, 1),
(184, 'Ippon', 'Lorem ipsum dolor sit amet, consectetur adipiscing elit, sed do eiusmod tempor incididunt ut labore et dolore magna aliqua. Ut enim ad minim veniam, quis nostrud exercitation ullamco laboris nisi ut aliquip ex ea commodo consequat. Duis aute irure dolor in reprehenderit in voluptate velit esse cillum dolore eu fugiat nulla pariatur. Excepteur sint occaecat cupidatat non proident, sunt in culpa qui officia deserunt mollit anim id est laborum', 1895, 1),
(185, 'Issa, enfant des sables', 'Lorem ipsum dolor sit amet, consectetur adipiscing elit, sed do eiusmod tempor incididunt ut labore et dolore magna aliqua. Ut enim ad minim veniam, quis nostrud exercitation ullamco laboris nisi ut aliquip ex ea commodo consequat. Duis aute irure dolor in reprehenderit in voluptate velit esse cillum dolore eu fugiat nulla pariatur. Excepteur sint occaecat cupidatat non proident, sunt in culpa qui officia deserunt mollit anim id est laborum', 1937, 7),
(186, 'Journal de Jamila', 'Lorem ipsum dolor sit amet, consectetur adipiscing elit, sed do eiusmod tempor incididunt ut labore et dolore magna aliqua. Ut enim ad minim veniam, quis nostrud exercitation ullamco laboris nisi ut aliquip ex ea commodo consequat. Duis aute irure dolor in reprehenderit in voluptate velit esse cillum dolore eu fugiat nulla pariatur. Excepteur sint occaecat cupidatat non proident, sunt in culpa qui officia deserunt mollit anim id est laborum', 1857, 1),
(187, 'La bague aux trois hermines', 'Lorem ipsum dolor sit amet, consectetur adipiscing elit, sed do eiusmod tempor incididunt ut labore et dolore magna aliqua. Ut enim ad minim veniam, quis nostrud exercitation ullamco laboris nisi ut aliquip ex ea commodo consequat. Duis aute irure dolor in reprehenderit in voluptate velit esse cillum dolore eu fugiat nulla pariatur. Excepteur sint occaecat cupidatat non proident, sunt in culpa qui officia deserunt mollit anim id est laborum', 1955, 37),
(188, 'La prisonnière de Zanzibar', 'Lorem ipsum dolor sit amet, consectetur adipiscing elit, sed do eiusmod tempor incididunt ut labore et dolore magna aliqua. Ut enim ad minim veniam, quis nostrud exercitation ullamco laboris nisi ut aliquip ex ea commodo consequat. Duis aute irure dolor in reprehenderit in voluptate velit esse cillum dolore eu fugiat nulla pariatur. Excepteur sint occaecat cupidatat non proident, sunt in culpa qui officia deserunt mollit anim id est laborum', 1942, 27),
(189, 'La prophétie des oiseaux', 'Lorem ipsum dolor sit amet, consectetur adipiscing elit, sed do eiusmod tempor incididunt ut labore et dolore magna aliqua. Ut enim ad minim veniam, quis nostrud exercitation ullamco laboris nisi ut aliquip ex ea commodo consequat. Duis aute irure dolor in reprehenderit in voluptate velit esse cillum dolore eu fugiat nulla pariatur. Excepteur sint occaecat cupidatat non proident, sunt in culpa qui officia deserunt mollit anim id est laborum', 1885, 5),
(190, 'La rose noire', 'Lorem ipsum dolor sit amet, consectetur adipiscing elit, sed do eiusmod tempor incididunt ut labore et dolore magna aliqua. Ut enim ad minim veniam, quis nostrud exercitation ullamco laboris nisi ut aliquip ex ea commodo consequat. Duis aute irure dolor in reprehenderit in voluptate velit esse cillum dolore eu fugiat nulla pariatur. Excepteur sint occaecat cupidatat non proident, sunt in culpa qui officia deserunt mollit anim id est laborum', 1988, 38),
(191, 'L\'aiguille empoisonnée', 'Lorem ipsum dolor sit amet, consectetur adipiscing elit, sed do eiusmod tempor incididunt ut labore et dolore magna aliqua. Ut enim ad minim veniam, quis nostrud exercitation ullamco laboris nisi ut aliquip ex ea commodo consequat. Duis aute irure dolor in reprehenderit in voluptate velit esse cillum dolore eu fugiat nulla pariatur. Excepteur sint occaecat cupidatat non proident, sunt in culpa qui officia deserunt mollit anim id est laborum', 1948, 16),
(192, 'Lambada pour l\'enfer', 'Lorem ipsum dolor sit amet, consectetur adipiscing elit, sed do eiusmod tempor incididunt ut labore et dolore magna aliqua. Ut enim ad minim veniam, quis nostrud exercitation ullamco laboris nisi ut aliquip ex ea commodo consequat. Duis aute irure dolor in reprehenderit in voluptate velit esse cillum dolore eu fugiat nulla pariatur. Excepteur sint occaecat cupidatat non proident, sunt in culpa qui officia deserunt mollit anim id est laborum', 1898, 44),
(193, 'Le ballon d\'or', 'Lorem ipsum dolor sit amet, consectetur adipiscing elit, sed do eiusmod tempor incididunt ut labore et dolore magna aliqua. Ut enim ad minim veniam, quis nostrud exercitation ullamco laboris nisi ut aliquip ex ea commodo consequat. Duis aute irure dolor in reprehenderit in voluptate velit esse cillum dolore eu fugiat nulla pariatur. Excepteur sint occaecat cupidatat non proident, sunt in culpa qui officia deserunt mollit anim id est laborum', 1871, 36),
(194, 'Le bouclier de Gergovie', 'Lorem ipsum dolor sit amet, consectetur adipiscing elit, sed do eiusmod tempor incididunt ut labore et dolore magna aliqua. Ut enim ad minim veniam, quis nostrud exercitation ullamco laboris nisi ut aliquip ex ea commodo consequat. Duis aute irure dolor in reprehenderit in voluptate velit esse cillum dolore eu fugiat nulla pariatur. Excepteur sint occaecat cupidatat non proident, sunt in culpa qui officia deserunt mollit anim id est laborum', 2019, 1),
(195, 'Le Chancellor', 'Lorem ipsum dolor sit amet, consectetur adipiscing elit, sed do eiusmod tempor incididunt ut labore et dolore magna aliqua. Ut enim ad minim veniam, quis nostrud exercitation ullamco laboris nisi ut aliquip ex ea commodo consequat. Duis aute irure dolor in reprehenderit in voluptate velit esse cillum dolore eu fugiat nulla pariatur. Excepteur sint occaecat cupidatat non proident, sunt in culpa qui officia deserunt mollit anim id est laborum', 2011, 1),
(196, 'Le châtiment des hommes-tonnerres', 'Lorem ipsum dolor sit amet, consectetur adipiscing elit, sed do eiusmod tempor incididunt ut labore et dolore magna aliqua. Ut enim ad minim veniam, quis nostrud exercitation ullamco laboris nisi ut aliquip ex ea commodo consequat. Duis aute irure dolor in reprehenderit in voluptate velit esse cillum dolore eu fugiat nulla pariatur. Excepteur sint occaecat cupidatat non proident, sunt in culpa qui officia deserunt mollit anim id est laborum', 1998, 1),
(197, 'Le fils de Belle Prater', 'Lorem ipsum dolor sit amet, consectetur adipiscing elit, sed do eiusmod tempor incididunt ut labore et dolore magna aliqua. Ut enim ad minim veniam, quis nostrud exercitation ullamco laboris nisi ut aliquip ex ea commodo consequat. Duis aute irure dolor in reprehenderit in voluptate velit esse cillum dolore eu fugiat nulla pariatur. Excepteur sint occaecat cupidatat non proident, sunt in culpa qui officia deserunt mollit anim id est laborum', 2016, 39),
(198, 'Le grimoire au rubis', 'Lorem ipsum dolor sit amet, consectetur adipiscing elit, sed do eiusmod tempor incididunt ut labore et dolore magna aliqua. Ut enim ad minim veniam, quis nostrud exercitation ullamco laboris nisi ut aliquip ex ea commodo consequat. Duis aute irure dolor in reprehenderit in voluptate velit esse cillum dolore eu fugiat nulla pariatur. Excepteur sint occaecat cupidatat non proident, sunt in culpa qui officia deserunt mollit anim id est laborum', 1877, 1),
(199, 'Le journal de Fanny', 'Lorem ipsum dolor sit amet, consectetur adipiscing elit, sed do eiusmod tempor incididunt ut labore et dolore magna aliqua. Ut enim ad minim veniam, quis nostrud exercitation ullamco laboris nisi ut aliquip ex ea commodo consequat. Duis aute irure dolor in reprehenderit in voluptate velit esse cillum dolore eu fugiat nulla pariatur. Excepteur sint occaecat cupidatat non proident, sunt in culpa qui officia deserunt mollit anim id est laborum', 2001, 1),
(200, 'Le Robinson du métro', 'Lorem ipsum dolor sit amet, consectetur adipiscing elit, sed do eiusmod tempor incididunt ut labore et dolore magna aliqua. Ut enim ad minim veniam, quis nostrud exercitation ullamco laboris nisi ut aliquip ex ea commodo consequat. Duis aute irure dolor in reprehenderit in voluptate velit esse cillum dolore eu fugiat nulla pariatur. Excepteur sint occaecat cupidatat non proident, sunt in culpa qui officia deserunt mollit anim id est laborum', 1936, 16),
(201, 'Le roman de Mélusine', 'Lorem ipsum dolor sit amet, consectetur adipiscing elit, sed do eiusmod tempor incididunt ut labore et dolore magna aliqua. Ut enim ad minim veniam, quis nostrud exercitation ullamco laboris nisi ut aliquip ex ea commodo consequat. Duis aute irure dolor in reprehenderit in voluptate velit esse cillum dolore eu fugiat nulla pariatur. Excepteur sint occaecat cupidatat non proident, sunt in culpa qui officia deserunt mollit anim id est laborum', 1941, 1),
(202, 'Le royaume de Kensuke', 'Lorem ipsum dolor sit amet, consectetur adipiscing elit, sed do eiusmod tempor incididunt ut labore et dolore magna aliqua. Ut enim ad minim veniam, quis nostrud exercitation ullamco laboris nisi ut aliquip ex ea commodo consequat. Duis aute irure dolor in reprehenderit in voluptate velit esse cillum dolore eu fugiat nulla pariatur. Excepteur sint occaecat cupidatat non proident, sunt in culpa qui officia deserunt mollit anim id est laborum', 1973, 19),
(203, 'Le seigneur sans visage', 'Lorem ipsum dolor sit amet, consectetur adipiscing elit, sed do eiusmod tempor incididunt ut labore et dolore magna aliqua. Ut enim ad minim veniam, quis nostrud exercitation ullamco laboris nisi ut aliquip ex ea commodo consequat. Duis aute irure dolor in reprehenderit in voluptate velit esse cillum dolore eu fugiat nulla pariatur. Excepteur sint occaecat cupidatat non proident, sunt in culpa qui officia deserunt mollit anim id est laborum', 1860, 44),
(204, 'Le sourire de ma mère', 'Lorem ipsum dolor sit amet, consectetur adipiscing elit, sed do eiusmod tempor incididunt ut labore et dolore magna aliqua. Ut enim ad minim veniam, quis nostrud exercitation ullamco laboris nisi ut aliquip ex ea commodo consequat. Duis aute irure dolor in reprehenderit in voluptate velit esse cillum dolore eu fugiat nulla pariatur. Excepteur sint occaecat cupidatat non proident, sunt in culpa qui officia deserunt mollit anim id est laborum', 1929, 1);
INSERT INTO `oeuvres` (`id_oeuvre`, `titre_oeuvre`, `descriptif_oeuvre`, `annee_oeuvre`, `id_art`) VALUES
(205, 'L\'élue', 'Lorem ipsum dolor sit amet, consectetur adipiscing elit, sed do eiusmod tempor incididunt ut labore et dolore magna aliqua. Ut enim ad minim veniam, quis nostrud exercitation ullamco laboris nisi ut aliquip ex ea commodo consequat. Duis aute irure dolor in reprehenderit in voluptate velit esse cillum dolore eu fugiat nulla pariatur. Excepteur sint occaecat cupidatat non proident, sunt in culpa qui officia deserunt mollit anim id est laborum', 1933, 7),
(206, 'Léonard de Vinci. Artiste ? Vous rigolez.', 'Lorem ipsum dolor sit amet, consectetur adipiscing elit, sed do eiusmod tempor incididunt ut labore et dolore magna aliqua. Ut enim ad minim veniam, quis nostrud exercitation ullamco laboris nisi ut aliquip ex ea commodo consequat. Duis aute irure dolor in reprehenderit in voluptate velit esse cillum dolore eu fugiat nulla pariatur. Excepteur sint occaecat cupidatat non proident, sunt in culpa qui officia deserunt mollit anim id est laborum', 1937, 17),
(207, 'Les chevaliers de la Table Ronde 5 tomes)', 'Lorem ipsum dolor sit amet, consectetur adipiscing elit, sed do eiusmod tempor incididunt ut labore et dolore magna aliqua. Ut enim ad minim veniam, quis nostrud exercitation ullamco laboris nisi ut aliquip ex ea commodo consequat. Duis aute irure dolor in reprehenderit in voluptate velit esse cillum dolore eu fugiat nulla pariatur. Excepteur sint occaecat cupidatat non proident, sunt in culpa qui officia deserunt mollit anim id est laborum', 2019, 34),
(208, 'Les derniers géants', 'Lorem ipsum dolor sit amet, consectetur adipiscing elit, sed do eiusmod tempor incididunt ut labore et dolore magna aliqua. Ut enim ad minim veniam, quis nostrud exercitation ullamco laboris nisi ut aliquip ex ea commodo consequat. Duis aute irure dolor in reprehenderit in voluptate velit esse cillum dolore eu fugiat nulla pariatur. Excepteur sint occaecat cupidatat non proident, sunt in culpa qui officia deserunt mollit anim id est laborum', 1851, 48),
(209, 'Les enfants de Noé', 'Lorem ipsum dolor sit amet, consectetur adipiscing elit, sed do eiusmod tempor incididunt ut labore et dolore magna aliqua. Ut enim ad minim veniam, quis nostrud exercitation ullamco laboris nisi ut aliquip ex ea commodo consequat. Duis aute irure dolor in reprehenderit in voluptate velit esse cillum dolore eu fugiat nulla pariatur. Excepteur sint occaecat cupidatat non proident, sunt in culpa qui officia deserunt mollit anim id est laborum', 1917, 1),
(210, 'Les éperons de la liberté', 'Lorem ipsum dolor sit amet, consectetur adipiscing elit, sed do eiusmod tempor incididunt ut labore et dolore magna aliqua. Ut enim ad minim veniam, quis nostrud exercitation ullamco laboris nisi ut aliquip ex ea commodo consequat. Duis aute irure dolor in reprehenderit in voluptate velit esse cillum dolore eu fugiat nulla pariatur. Excepteur sint occaecat cupidatat non proident, sunt in culpa qui officia deserunt mollit anim id est laborum', 2003, 43),
(211, 'Les prisonniers de Pompéi', 'Lorem ipsum dolor sit amet, consectetur adipiscing elit, sed do eiusmod tempor incididunt ut labore et dolore magna aliqua. Ut enim ad minim veniam, quis nostrud exercitation ullamco laboris nisi ut aliquip ex ea commodo consequat. Duis aute irure dolor in reprehenderit in voluptate velit esse cillum dolore eu fugiat nulla pariatur. Excepteur sint occaecat cupidatat non proident, sunt in culpa qui officia deserunt mollit anim id est laborum', 1933, 1),
(212, 'Les rois de l\'horizon', 'Lorem ipsum dolor sit amet, consectetur adipiscing elit, sed do eiusmod tempor incididunt ut labore et dolore magna aliqua. Ut enim ad minim veniam, quis nostrud exercitation ullamco laboris nisi ut aliquip ex ea commodo consequat. Duis aute irure dolor in reprehenderit in voluptate velit esse cillum dolore eu fugiat nulla pariatur. Excepteur sint occaecat cupidatat non proident, sunt in culpa qui officia deserunt mollit anim id est laborum', 1997, 33),
(213, 'Les secrets de Faith Green', 'Lorem ipsum dolor sit amet, consectetur adipiscing elit, sed do eiusmod tempor incididunt ut labore et dolore magna aliqua. Ut enim ad minim veniam, quis nostrud exercitation ullamco laboris nisi ut aliquip ex ea commodo consequat. Duis aute irure dolor in reprehenderit in voluptate velit esse cillum dolore eu fugiat nulla pariatur. Excepteur sint occaecat cupidatat non proident, sunt in culpa qui officia deserunt mollit anim id est laborum', 1894, 1),
(214, 'Malo de Lange et le fils du roi', 'Lorem ipsum dolor sit amet, consectetur adipiscing elit, sed do eiusmod tempor incididunt ut labore et dolore magna aliqua. Ut enim ad minim veniam, quis nostrud exercitation ullamco laboris nisi ut aliquip ex ea commodo consequat. Duis aute irure dolor in reprehenderit in voluptate velit esse cillum dolore eu fugiat nulla pariatur. Excepteur sint occaecat cupidatat non proident, sunt in culpa qui officia deserunt mollit anim id est laborum', 2012, 1),
(215, 'Mandela et Nelson', 'Lorem ipsum dolor sit amet, consectetur adipiscing elit, sed do eiusmod tempor incididunt ut labore et dolore magna aliqua. Ut enim ad minim veniam, quis nostrud exercitation ullamco laboris nisi ut aliquip ex ea commodo consequat. Duis aute irure dolor in reprehenderit in voluptate velit esse cillum dolore eu fugiat nulla pariatur. Excepteur sint occaecat cupidatat non proident, sunt in culpa qui officia deserunt mollit anim id est laborum', 1888, 16),
(216, 'Missions byzantines', 'Lorem ipsum dolor sit amet, consectetur adipiscing elit, sed do eiusmod tempor incididunt ut labore et dolore magna aliqua. Ut enim ad minim veniam, quis nostrud exercitation ullamco laboris nisi ut aliquip ex ea commodo consequat. Duis aute irure dolor in reprehenderit in voluptate velit esse cillum dolore eu fugiat nulla pariatur. Excepteur sint occaecat cupidatat non proident, sunt in culpa qui officia deserunt mollit anim id est laborum', 1938, 1),
(217, 'Molière Que diable allait-il faire dans cette galère ?)', 'Lorem ipsum dolor sit amet, consectetur adipiscing elit, sed do eiusmod tempor incididunt ut labore et dolore magna aliqua. Ut enim ad minim veniam, quis nostrud exercitation ullamco laboris nisi ut aliquip ex ea commodo consequat. Duis aute irure dolor in reprehenderit in voluptate velit esse cillum dolore eu fugiat nulla pariatur. Excepteur sint occaecat cupidatat non proident, sunt in culpa qui officia deserunt mollit anim id est laborum', 1866, 1),
(218, 'Mon miel ma douceur', 'Lorem ipsum dolor sit amet, consectetur adipiscing elit, sed do eiusmod tempor incididunt ut labore et dolore magna aliqua. Ut enim ad minim veniam, quis nostrud exercitation ullamco laboris nisi ut aliquip ex ea commodo consequat. Duis aute irure dolor in reprehenderit in voluptate velit esse cillum dolore eu fugiat nulla pariatur. Excepteur sint occaecat cupidatat non proident, sunt in culpa qui officia deserunt mollit anim id est laborum', 1959, 1),
(219, 'Mon petit cœur imbécile', 'Lorem ipsum dolor sit amet, consectetur adipiscing elit, sed do eiusmod tempor incididunt ut labore et dolore magna aliqua. Ut enim ad minim veniam, quis nostrud exercitation ullamco laboris nisi ut aliquip ex ea commodo consequat. Duis aute irure dolor in reprehenderit in voluptate velit esse cillum dolore eu fugiat nulla pariatur. Excepteur sint occaecat cupidatat non proident, sunt in culpa qui officia deserunt mollit anim id est laborum', 1861, 37),
(220, 'Mortelle Venise', 'Lorem ipsum dolor sit amet, consectetur adipiscing elit, sed do eiusmod tempor incididunt ut labore et dolore magna aliqua. Ut enim ad minim veniam, quis nostrud exercitation ullamco laboris nisi ut aliquip ex ea commodo consequat. Duis aute irure dolor in reprehenderit in voluptate velit esse cillum dolore eu fugiat nulla pariatur. Excepteur sint occaecat cupidatat non proident, sunt in culpa qui officia deserunt mollit anim id est laborum', 1876, 5),
(221, 'Pawana', 'Lorem ipsum dolor sit amet, consectetur adipiscing elit, sed do eiusmod tempor incididunt ut labore et dolore magna aliqua. Ut enim ad minim veniam, quis nostrud exercitation ullamco laboris nisi ut aliquip ex ea commodo consequat. Duis aute irure dolor in reprehenderit in voluptate velit esse cillum dolore eu fugiat nulla pariatur. Excepteur sint occaecat cupidatat non proident, sunt in culpa qui officia deserunt mollit anim id est laborum', 1902, 24),
(222, 'Quatre sœurs', 'Lorem ipsum dolor sit amet, consectetur adipiscing elit, sed do eiusmod tempor incididunt ut labore et dolore magna aliqua. Ut enim ad minim veniam, quis nostrud exercitation ullamco laboris nisi ut aliquip ex ea commodo consequat. Duis aute irure dolor in reprehenderit in voluptate velit esse cillum dolore eu fugiat nulla pariatur. Excepteur sint occaecat cupidatat non proident, sunt in culpa qui officia deserunt mollit anim id est laborum', 1887, 23),
(223, 'Sans domicile fixe', 'Lorem ipsum dolor sit amet, consectetur adipiscing elit, sed do eiusmod tempor incididunt ut labore et dolore magna aliqua. Ut enim ad minim veniam, quis nostrud exercitation ullamco laboris nisi ut aliquip ex ea commodo consequat. Duis aute irure dolor in reprehenderit in voluptate velit esse cillum dolore eu fugiat nulla pariatur. Excepteur sint occaecat cupidatat non proident, sunt in culpa qui officia deserunt mollit anim id est laborum', 1864, 19),
(224, 'Thiën An ou la grande traversée', 'Lorem ipsum dolor sit amet, consectetur adipiscing elit, sed do eiusmod tempor incididunt ut labore et dolore magna aliqua. Ut enim ad minim veniam, quis nostrud exercitation ullamco laboris nisi ut aliquip ex ea commodo consequat. Duis aute irure dolor in reprehenderit in voluptate velit esse cillum dolore eu fugiat nulla pariatur. Excepteur sint occaecat cupidatat non proident, sunt in culpa qui officia deserunt mollit anim id est laborum', 2011, 1),
(225, 'Tobie Lolness - Tome 1', 'Lorem ipsum dolor sit amet, consectetur adipiscing elit, sed do eiusmod tempor incididunt ut labore et dolore magna aliqua. Ut enim ad minim veniam, quis nostrud exercitation ullamco laboris nisi ut aliquip ex ea commodo consequat. Duis aute irure dolor in reprehenderit in voluptate velit esse cillum dolore eu fugiat nulla pariatur. Excepteur sint occaecat cupidatat non proident, sunt in culpa qui officia deserunt mollit anim id est laborum', 1985, 1),
(226, 'Tournoi dans l\'Himalaya', 'Lorem ipsum dolor sit amet, consectetur adipiscing elit, sed do eiusmod tempor incididunt ut labore et dolore magna aliqua. Ut enim ad minim veniam, quis nostrud exercitation ullamco laboris nisi ut aliquip ex ea commodo consequat. Duis aute irure dolor in reprehenderit in voluptate velit esse cillum dolore eu fugiat nulla pariatur. Excepteur sint occaecat cupidatat non proident, sunt in culpa qui officia deserunt mollit anim id est laborum', 1966, 1),
(227, 'Tristan et Iseult', 'Lorem ipsum dolor sit amet, consectetur adipiscing elit, sed do eiusmod tempor incididunt ut labore et dolore magna aliqua. Ut enim ad minim veniam, quis nostrud exercitation ullamco laboris nisi ut aliquip ex ea commodo consequat. Duis aute irure dolor in reprehenderit in voluptate velit esse cillum dolore eu fugiat nulla pariatur. Excepteur sint occaecat cupidatat non proident, sunt in culpa qui officia deserunt mollit anim id est laborum', 1853, 1),
(228, 'Un assassin à la cour', 'Lorem ipsum dolor sit amet, consectetur adipiscing elit, sed do eiusmod tempor incididunt ut labore et dolore magna aliqua. Ut enim ad minim veniam, quis nostrud exercitation ullamco laboris nisi ut aliquip ex ea commodo consequat. Duis aute irure dolor in reprehenderit in voluptate velit esse cillum dolore eu fugiat nulla pariatur. Excepteur sint occaecat cupidatat non proident, sunt in culpa qui officia deserunt mollit anim id est laborum', 1880, 45),
(229, 'Un petit quelque chose de différent', 'Lorem ipsum dolor sit amet, consectetur adipiscing elit, sed do eiusmod tempor incididunt ut labore et dolore magna aliqua. Ut enim ad minim veniam, quis nostrud exercitation ullamco laboris nisi ut aliquip ex ea commodo consequat. Duis aute irure dolor in reprehenderit in voluptate velit esse cillum dolore eu fugiat nulla pariatur. Excepteur sint occaecat cupidatat non proident, sunt in culpa qui officia deserunt mollit anim id est laborum', 1945, 36),
(230, 'Un sari couleur de boue', 'Lorem ipsum dolor sit amet, consectetur adipiscing elit, sed do eiusmod tempor incididunt ut labore et dolore magna aliqua. Ut enim ad minim veniam, quis nostrud exercitation ullamco laboris nisi ut aliquip ex ea commodo consequat. Duis aute irure dolor in reprehenderit in voluptate velit esse cillum dolore eu fugiat nulla pariatur. Excepteur sint occaecat cupidatat non proident, sunt in culpa qui officia deserunt mollit anim id est laborum', 1929, 29),
(231, 'Abeilles', 'Lorem ipsum dolor sit amet, consectetur adipiscing elit, sed do eiusmod tempor incididunt ut labore et dolore magna aliqua. Ut enim ad minim veniam, quis nostrud exercitation ullamco laboris nisi ut aliquip ex ea commodo consequat. Duis aute irure dolor in reprehenderit in voluptate velit esse cillum dolore eu fugiat nulla pariatur. Excepteur sint occaecat cupidatat non proident, sunt in culpa qui officia deserunt mollit anim id est laborum', 1947, 1),
(232, 'Dans la maison de l\'ogre Monsieur', 'Lorem ipsum dolor sit amet, consectetur adipiscing elit, sed do eiusmod tempor incididunt ut labore et dolore magna aliqua. Ut enim ad minim veniam, quis nostrud exercitation ullamco laboris nisi ut aliquip ex ea commodo consequat. Duis aute irure dolor in reprehenderit in voluptate velit esse cillum dolore eu fugiat nulla pariatur. Excepteur sint occaecat cupidatat non proident, sunt in culpa qui officia deserunt mollit anim id est laborum', 1864, 15),
(233, 'Finissez vos phrases !', 'Lorem ipsum dolor sit amet, consectetur adipiscing elit, sed do eiusmod tempor incididunt ut labore et dolore magna aliqua. Ut enim ad minim veniam, quis nostrud exercitation ullamco laboris nisi ut aliquip ex ea commodo consequat. Duis aute irure dolor in reprehenderit in voluptate velit esse cillum dolore eu fugiat nulla pariatur. Excepteur sint occaecat cupidatat non proident, sunt in culpa qui officia deserunt mollit anim id est laborum', 1985, 21),
(234, 'Jojo au bord du monde', 'Lorem ipsum dolor sit amet, consectetur adipiscing elit, sed do eiusmod tempor incididunt ut labore et dolore magna aliqua. Ut enim ad minim veniam, quis nostrud exercitation ullamco laboris nisi ut aliquip ex ea commodo consequat. Duis aute irure dolor in reprehenderit in voluptate velit esse cillum dolore eu fugiat nulla pariatur. Excepteur sint occaecat cupidatat non proident, sunt in culpa qui officia deserunt mollit anim id est laborum', 1949, 43),
(235, 'Jojo le récidiviste', 'Lorem ipsum dolor sit amet, consectetur adipiscing elit, sed do eiusmod tempor incididunt ut labore et dolore magna aliqua. Ut enim ad minim veniam, quis nostrud exercitation ullamco laboris nisi ut aliquip ex ea commodo consequat. Duis aute irure dolor in reprehenderit in voluptate velit esse cillum dolore eu fugiat nulla pariatur. Excepteur sint occaecat cupidatat non proident, sunt in culpa qui officia deserunt mollit anim id est laborum', 1959, 1),
(236, 'La Fontaine, l\'Âne et le Roi', 'Lorem ipsum dolor sit amet, consectetur adipiscing elit, sed do eiusmod tempor incididunt ut labore et dolore magna aliqua. Ut enim ad minim veniam, quis nostrud exercitation ullamco laboris nisi ut aliquip ex ea commodo consequat. Duis aute irure dolor in reprehenderit in voluptate velit esse cillum dolore eu fugiat nulla pariatur. Excepteur sint occaecat cupidatat non proident, sunt in culpa qui officia deserunt mollit anim id est laborum', 1945, 30),
(237, 'Le jardinier', 'Lorem ipsum dolor sit amet, consectetur adipiscing elit, sed do eiusmod tempor incididunt ut labore et dolore magna aliqua. Ut enim ad minim veniam, quis nostrud exercitation ullamco laboris nisi ut aliquip ex ea commodo consequat. Duis aute irure dolor in reprehenderit in voluptate velit esse cillum dolore eu fugiat nulla pariatur. Excepteur sint occaecat cupidatat non proident, sunt in culpa qui officia deserunt mollit anim id est laborum', 2012, 9),
(238, 'L\'enfant cachée dans l\'encrier', 'Lorem ipsum dolor sit amet, consectetur adipiscing elit, sed do eiusmod tempor incididunt ut labore et dolore magna aliqua. Ut enim ad minim veniam, quis nostrud exercitation ullamco laboris nisi ut aliquip ex ea commodo consequat. Duis aute irure dolor in reprehenderit in voluptate velit esse cillum dolore eu fugiat nulla pariatur. Excepteur sint occaecat cupidatat non proident, sunt in culpa qui officia deserunt mollit anim id est laborum', 1877, 1),
(239, 'Les gosses de Nathan', 'Lorem ipsum dolor sit amet, consectetur adipiscing elit, sed do eiusmod tempor incididunt ut labore et dolore magna aliqua. Ut enim ad minim veniam, quis nostrud exercitation ullamco laboris nisi ut aliquip ex ea commodo consequat. Duis aute irure dolor in reprehenderit in voluptate velit esse cillum dolore eu fugiat nulla pariatur. Excepteur sint occaecat cupidatat non proident, sunt in culpa qui officia deserunt mollit anim id est laborum', 2010, 1),
(240, 'Les saisons de Rosemarie', 'Lorem ipsum dolor sit amet, consectetur adipiscing elit, sed do eiusmod tempor incididunt ut labore et dolore magna aliqua. Ut enim ad minim veniam, quis nostrud exercitation ullamco laboris nisi ut aliquip ex ea commodo consequat. Duis aute irure dolor in reprehenderit in voluptate velit esse cillum dolore eu fugiat nulla pariatur. Excepteur sint occaecat cupidatat non proident, sunt in culpa qui officia deserunt mollit anim id est laborum', 1866, 37),
(241, 'Mongol', 'Lorem ipsum dolor sit amet, consectetur adipiscing elit, sed do eiusmod tempor incididunt ut labore et dolore magna aliqua. Ut enim ad minim veniam, quis nostrud exercitation ullamco laboris nisi ut aliquip ex ea commodo consequat. Duis aute irure dolor in reprehenderit in voluptate velit esse cillum dolore eu fugiat nulla pariatur. Excepteur sint occaecat cupidatat non proident, sunt in culpa qui officia deserunt mollit anim id est laborum', 1976, 29),
(242, 'Seule dans ma peau d\'âne', 'Lorem ipsum dolor sit amet, consectetur adipiscing elit, sed do eiusmod tempor incididunt ut labore et dolore magna aliqua. Ut enim ad minim veniam, quis nostrud exercitation ullamco laboris nisi ut aliquip ex ea commodo consequat. Duis aute irure dolor in reprehenderit in voluptate velit esse cillum dolore eu fugiat nulla pariatur. Excepteur sint occaecat cupidatat non proident, sunt in culpa qui officia deserunt mollit anim id est laborum', 1980, 13),
(243, 'Amère patrie', 'Lorem ipsum dolor sit amet, consectetur adipiscing elit, sed do eiusmod tempor incididunt ut labore et dolore magna aliqua. Ut enim ad minim veniam, quis nostrud exercitation ullamco laboris nisi ut aliquip ex ea commodo consequat. Duis aute irure dolor in reprehenderit in voluptate velit esse cillum dolore eu fugiat nulla pariatur. Excepteur sint occaecat cupidatat non proident, sunt in culpa qui officia deserunt mollit anim id est laborum', 1955, 20),
(244, 'Groenland Manhattan', 'Lorem ipsum dolor sit amet, consectetur adipiscing elit, sed do eiusmod tempor incididunt ut labore et dolore magna aliqua. Ut enim ad minim veniam, quis nostrud exercitation ullamco laboris nisi ut aliquip ex ea commodo consequat. Duis aute irure dolor in reprehenderit in voluptate velit esse cillum dolore eu fugiat nulla pariatur. Excepteur sint occaecat cupidatat non proident, sunt in culpa qui officia deserunt mollit anim id est laborum', 2003, 1),
(245, 'Le fantôme de l\'Opéra', 'Lorem ipsum dolor sit amet, consectetur adipiscing elit, sed do eiusmod tempor incididunt ut labore et dolore magna aliqua. Ut enim ad minim veniam, quis nostrud exercitation ullamco laboris nisi ut aliquip ex ea commodo consequat. Duis aute irure dolor in reprehenderit in voluptate velit esse cillum dolore eu fugiat nulla pariatur. Excepteur sint occaecat cupidatat non proident, sunt in culpa qui officia deserunt mollit anim id est laborum', 1872, 1),
(246, 'Le retour d\'Ataï', 'Lorem ipsum dolor sit amet, consectetur adipiscing elit, sed do eiusmod tempor incididunt ut labore et dolore magna aliqua. Ut enim ad minim veniam, quis nostrud exercitation ullamco laboris nisi ut aliquip ex ea commodo consequat. Duis aute irure dolor in reprehenderit in voluptate velit esse cillum dolore eu fugiat nulla pariatur. Excepteur sint occaecat cupidatat non proident, sunt in culpa qui officia deserunt mollit anim id est laborum', 2019, 1),
(247, 'Sagarmatha', 'Lorem ipsum dolor sit amet, consectetur adipiscing elit, sed do eiusmod tempor incididunt ut labore et dolore magna aliqua. Ut enim ad minim veniam, quis nostrud exercitation ullamco laboris nisi ut aliquip ex ea commodo consequat. Duis aute irure dolor in reprehenderit in voluptate velit esse cillum dolore eu fugiat nulla pariatur. Excepteur sint occaecat cupidatat non proident, sunt in culpa qui officia deserunt mollit anim id est laborum', 1904, 1),
(248, 'Spirou et Fantasio à Tokyo', 'Lorem ipsum dolor sit amet, consectetur adipiscing elit, sed do eiusmod tempor incididunt ut labore et dolore magna aliqua. Ut enim ad minim veniam, quis nostrud exercitation ullamco laboris nisi ut aliquip ex ea commodo consequat. Duis aute irure dolor in reprehenderit in voluptate velit esse cillum dolore eu fugiat nulla pariatur. Excepteur sint occaecat cupidatat non proident, sunt in culpa qui officia deserunt mollit anim id est laborum', 2018, 1),
(249, 'Noa,  de l\'autre côté…', 'Lorem ipsum dolor sit amet, consectetur adipiscing elit, sed do eiusmod tempor incididunt ut labore et dolore magna aliqua. Ut enim ad minim veniam, quis nostrud exercitation ullamco laboris nisi ut aliquip ex ea commodo consequat. Duis aute irure dolor in reprehenderit in voluptate velit esse cillum dolore eu fugiat nulla pariatur. Excepteur sint occaecat cupidatat non proident, sunt in culpa qui officia deserunt mollit anim id est laborum', 1884, 1),
(250, 'Aïe ! Un poète', 'Lorem ipsum dolor sit amet, consectetur adipiscing elit, sed do eiusmod tempor incididunt ut labore et dolore magna aliqua. Ut enim ad minim veniam, quis nostrud exercitation ullamco laboris nisi ut aliquip ex ea commodo consequat. Duis aute irure dolor in reprehenderit in voluptate velit esse cillum dolore eu fugiat nulla pariatur. Excepteur sint occaecat cupidatat non proident, sunt in culpa qui officia deserunt mollit anim id est laborum', 1984, 1);

-- --------------------------------------------------------

--
-- Structure de la table `oeuvres_trad`
--

DROP TABLE IF EXISTS `oeuvres_trad`;
CREATE TABLE IF NOT EXISTS `oeuvres_trad` (
  `id_oeuvre` int(11) NOT NULL,
  `id_langue` int(11) NOT NULL,
  `titre_oeuvre_trad` varchar(500) DEFAULT NULL,
  `descriptif_oeuvre_trad` varchar(1000) DEFAULT NULL,
  PRIMARY KEY (`id_oeuvre`,`id_langue`),
  KEY `Oeuvres_trad_LANGUES0_FK` (`id_langue`)
) ENGINE=InnoDB DEFAULT CHARSET=utf8;

--
-- Déchargement des données de la table `oeuvres_trad`
--

INSERT INTO `oeuvres_trad` (`id_oeuvre`, `id_langue`, `titre_oeuvre_trad`, `descriptif_oeuvre_trad`) VALUES
(1, 1, 'Far far away, behind the word mountains', 'Even the all-powerful Pointing has no control about the blind texts it is an almost unorthographic life One day however a small line of blind text by the name of Lorem Ipsum decided to leave for the far World of Grammar.'),
(1, 2, '資自響為注法人藝', '寶大的愛，感球例清率國人好，也天外星外會河是歡子子童入，己整論進母他著人己……單寶商有清一著主東多先現跑處我門；母中事血。\n證個價始展生與可知率像別過士度這集用什因是老分去們指，情方民物斷費期國起子質我日把我的據帶入書此。言覺濟買教劇們論聽小子語出車可；有了願合。'),
(2, 1, 'Far far away, behind the word mountains', 'Even the all-powerful Pointing has no control about the blind texts it is an almost unorthographic life One day however a small line of blind text by the name of Lorem Ipsum decided to leave for the far World of Grammar.'),
(2, 2, '資自響為注法人藝', '寶大的愛，感球例清率國人好，也天外星外會河是歡子子童入，己整論進母他著人己……單寶商有清一著主東多先現跑處我門；母中事血。\n證個價始展生與可知率像別過士度這集用什因是老分去們指，情方民物斷費期國起子質我日把我的據帶入書此。言覺濟買教劇們論聽小子語出車可；有了願合。'),
(3, 1, 'Far far away, behind the word mountains', 'Even the all-powerful Pointing has no control about the blind texts it is an almost unorthographic life One day however a small line of blind text by the name of Lorem Ipsum decided to leave for the far World of Grammar.'),
(3, 2, '資自響為注法人藝', '寶大的愛，感球例清率國人好，也天外星外會河是歡子子童入，己整論進母他著人己……單寶商有清一著主東多先現跑處我門；母中事血。\n證個價始展生與可知率像別過士度這集用什因是老分去們指，情方民物斷費期國起子質我日把我的據帶入書此。言覺濟買教劇們論聽小子語出車可；有了願合。'),
(4, 1, 'Far far away, behind the word mountains', 'Even the all-powerful Pointing has no control about the blind texts it is an almost unorthographic life One day however a small line of blind text by the name of Lorem Ipsum decided to leave for the far World of Grammar.'),
(4, 2, '資自響為注法人藝', '寶大的愛，感球例清率國人好，也天外星外會河是歡子子童入，己整論進母他著人己……單寶商有清一著主東多先現跑處我門；母中事血。\n證個價始展生與可知率像別過士度這集用什因是老分去們指，情方民物斷費期國起子質我日把我的據帶入書此。言覺濟買教劇們論聽小子語出車可；有了願合。'),
(5, 1, 'Far far away, behind the word mountains', 'Even the all-powerful Pointing has no control about the blind texts it is an almost unorthographic life One day however a small line of blind text by the name of Lorem Ipsum decided to leave for the far World of Grammar.'),
(5, 2, '資自響為注法人藝', '寶大的愛，感球例清率國人好，也天外星外會河是歡子子童入，己整論進母他著人己……單寶商有清一著主東多先現跑處我門；母中事血。\n證個價始展生與可知率像別過士度這集用什因是老分去們指，情方民物斷費期國起子質我日把我的據帶入書此。言覺濟買教劇們論聽小子語出車可；有了願合。'),
(6, 1, 'Far far away, behind the word mountains', 'Even the all-powerful Pointing has no control about the blind texts it is an almost unorthographic life One day however a small line of blind text by the name of Lorem Ipsum decided to leave for the far World of Grammar.'),
(6, 2, '資自響為注法人藝', '寶大的愛，感球例清率國人好，也天外星外會河是歡子子童入，己整論進母他著人己……單寶商有清一著主東多先現跑處我門；母中事血。\n證個價始展生與可知率像別過士度這集用什因是老分去們指，情方民物斷費期國起子質我日把我的據帶入書此。言覺濟買教劇們論聽小子語出車可；有了願合。'),
(7, 1, 'Far far away, behind the word mountains', 'Even the all-powerful Pointing has no control about the blind texts it is an almost unorthographic life One day however a small line of blind text by the name of Lorem Ipsum decided to leave for the far World of Grammar.'),
(7, 2, '資自響為注法人藝', '寶大的愛，感球例清率國人好，也天外星外會河是歡子子童入，己整論進母他著人己……單寶商有清一著主東多先現跑處我門；母中事血。\n證個價始展生與可知率像別過士度這集用什因是老分去們指，情方民物斷費期國起子質我日把我的據帶入書此。言覺濟買教劇們論聽小子語出車可；有了願合。'),
(8, 1, 'Far far away, behind the word mountains', 'Even the all-powerful Pointing has no control about the blind texts it is an almost unorthographic life One day however a small line of blind text by the name of Lorem Ipsum decided to leave for the far World of Grammar.'),
(8, 2, '資自響為注法人藝', '寶大的愛，感球例清率國人好，也天外星外會河是歡子子童入，己整論進母他著人己……單寶商有清一著主東多先現跑處我門；母中事血。\n證個價始展生與可知率像別過士度這集用什因是老分去們指，情方民物斷費期國起子質我日把我的據帶入書此。言覺濟買教劇們論聽小子語出車可；有了願合。'),
(9, 1, 'Far far away, behind the word mountains', 'Even the all-powerful Pointing has no control about the blind texts it is an almost unorthographic life One day however a small line of blind text by the name of Lorem Ipsum decided to leave for the far World of Grammar.'),
(9, 2, '資自響為注法人藝', '寶大的愛，感球例清率國人好，也天外星外會河是歡子子童入，己整論進母他著人己……單寶商有清一著主東多先現跑處我門；母中事血。\n證個價始展生與可知率像別過士度這集用什因是老分去們指，情方民物斷費期國起子質我日把我的據帶入書此。言覺濟買教劇們論聽小子語出車可；有了願合。'),
(10, 1, 'Far far away, behind the word mountains', 'Even the all-powerful Pointing has no control about the blind texts it is an almost unorthographic life One day however a small line of blind text by the name of Lorem Ipsum decided to leave for the far World of Grammar.'),
(10, 2, '資自響為注法人藝', '寶大的愛，感球例清率國人好，也天外星外會河是歡子子童入，己整論進母他著人己……單寶商有清一著主東多先現跑處我門；母中事血。\n證個價始展生與可知率像別過士度這集用什因是老分去們指，情方民物斷費期國起子質我日把我的據帶入書此。言覺濟買教劇們論聽小子語出車可；有了願合。'),
(11, 1, 'Far far away, behind the word mountains', 'Even the all-powerful Pointing has no control about the blind texts it is an almost unorthographic life One day however a small line of blind text by the name of Lorem Ipsum decided to leave for the far World of Grammar.'),
(11, 2, '資自響為注法人藝', '寶大的愛，感球例清率國人好，也天外星外會河是歡子子童入，己整論進母他著人己……單寶商有清一著主東多先現跑處我門；母中事血。\n證個價始展生與可知率像別過士度這集用什因是老分去們指，情方民物斷費期國起子質我日把我的據帶入書此。言覺濟買教劇們論聽小子語出車可；有了願合。'),
(12, 1, 'Far far away, behind the word mountains', 'Even the all-powerful Pointing has no control about the blind texts it is an almost unorthographic life One day however a small line of blind text by the name of Lorem Ipsum decided to leave for the far World of Grammar.'),
(12, 2, '資自響為注法人藝', '寶大的愛，感球例清率國人好，也天外星外會河是歡子子童入，己整論進母他著人己……單寶商有清一著主東多先現跑處我門；母中事血。\n證個價始展生與可知率像別過士度這集用什因是老分去們指，情方民物斷費期國起子質我日把我的據帶入書此。言覺濟買教劇們論聽小子語出車可；有了願合。'),
(13, 1, 'Far far away, behind the word mountains', 'Even the all-powerful Pointing has no control about the blind texts it is an almost unorthographic life One day however a small line of blind text by the name of Lorem Ipsum decided to leave for the far World of Grammar.'),
(13, 2, '資自響為注法人藝', '寶大的愛，感球例清率國人好，也天外星外會河是歡子子童入，己整論進母他著人己……單寶商有清一著主東多先現跑處我門；母中事血。\n證個價始展生與可知率像別過士度這集用什因是老分去們指，情方民物斷費期國起子質我日把我的據帶入書此。言覺濟買教劇們論聽小子語出車可；有了願合。'),
(14, 1, 'Far far away, behind the word mountains', 'Even the all-powerful Pointing has no control about the blind texts it is an almost unorthographic life One day however a small line of blind text by the name of Lorem Ipsum decided to leave for the far World of Grammar.'),
(14, 2, '資自響為注法人藝', '寶大的愛，感球例清率國人好，也天外星外會河是歡子子童入，己整論進母他著人己……單寶商有清一著主東多先現跑處我門；母中事血。\n證個價始展生與可知率像別過士度這集用什因是老分去們指，情方民物斷費期國起子質我日把我的據帶入書此。言覺濟買教劇們論聽小子語出車可；有了願合。'),
(15, 1, 'Far far away, behind the word mountains', 'Even the all-powerful Pointing has no control about the blind texts it is an almost unorthographic life One day however a small line of blind text by the name of Lorem Ipsum decided to leave for the far World of Grammar.'),
(15, 2, '資自響為注法人藝', '寶大的愛，感球例清率國人好，也天外星外會河是歡子子童入，己整論進母他著人己……單寶商有清一著主東多先現跑處我門；母中事血。\n證個價始展生與可知率像別過士度這集用什因是老分去們指，情方民物斷費期國起子質我日把我的據帶入書此。言覺濟買教劇們論聽小子語出車可；有了願合。'),
(16, 1, 'Far far away, behind the word mountains', 'Even the all-powerful Pointing has no control about the blind texts it is an almost unorthographic life One day however a small line of blind text by the name of Lorem Ipsum decided to leave for the far World of Grammar.'),
(16, 2, '資自響為注法人藝', '寶大的愛，感球例清率國人好，也天外星外會河是歡子子童入，己整論進母他著人己……單寶商有清一著主東多先現跑處我門；母中事血。\n證個價始展生與可知率像別過士度這集用什因是老分去們指，情方民物斷費期國起子質我日把我的據帶入書此。言覺濟買教劇們論聽小子語出車可；有了願合。'),
(17, 1, 'Far far away, behind the word mountains', 'Even the all-powerful Pointing has no control about the blind texts it is an almost unorthographic life One day however a small line of blind text by the name of Lorem Ipsum decided to leave for the far World of Grammar.'),
(17, 2, '資自響為注法人藝', '寶大的愛，感球例清率國人好，也天外星外會河是歡子子童入，己整論進母他著人己……單寶商有清一著主東多先現跑處我門；母中事血。\n證個價始展生與可知率像別過士度這集用什因是老分去們指，情方民物斷費期國起子質我日把我的據帶入書此。言覺濟買教劇們論聽小子語出車可；有了願合。'),
(18, 1, 'Far far away, behind the word mountains', 'Even the all-powerful Pointing has no control about the blind texts it is an almost unorthographic life One day however a small line of blind text by the name of Lorem Ipsum decided to leave for the far World of Grammar.'),
(18, 2, '資自響為注法人藝', '寶大的愛，感球例清率國人好，也天外星外會河是歡子子童入，己整論進母他著人己……單寶商有清一著主東多先現跑處我門；母中事血。\n證個價始展生與可知率像別過士度這集用什因是老分去們指，情方民物斷費期國起子質我日把我的據帶入書此。言覺濟買教劇們論聽小子語出車可；有了願合。'),
(19, 1, 'Far far away, behind the word mountains', 'Even the all-powerful Pointing has no control about the blind texts it is an almost unorthographic life One day however a small line of blind text by the name of Lorem Ipsum decided to leave for the far World of Grammar.'),
(19, 2, '資自響為注法人藝', '寶大的愛，感球例清率國人好，也天外星外會河是歡子子童入，己整論進母他著人己……單寶商有清一著主東多先現跑處我門；母中事血。\n證個價始展生與可知率像別過士度這集用什因是老分去們指，情方民物斷費期國起子質我日把我的據帶入書此。言覺濟買教劇們論聽小子語出車可；有了願合。'),
(20, 1, 'Far far away, behind the word mountains', 'Even the all-powerful Pointing has no control about the blind texts it is an almost unorthographic life One day however a small line of blind text by the name of Lorem Ipsum decided to leave for the far World of Grammar.'),
(20, 2, '資自響為注法人藝', '寶大的愛，感球例清率國人好，也天外星外會河是歡子子童入，己整論進母他著人己……單寶商有清一著主東多先現跑處我門；母中事血。\n證個價始展生與可知率像別過士度這集用什因是老分去們指，情方民物斷費期國起子質我日把我的據帶入書此。言覺濟買教劇們論聽小子語出車可；有了願合。'),
(21, 1, 'Far far away, behind the word mountains', 'Even the all-powerful Pointing has no control about the blind texts it is an almost unorthographic life One day however a small line of blind text by the name of Lorem Ipsum decided to leave for the far World of Grammar.'),
(21, 2, '資自響為注法人藝', '寶大的愛，感球例清率國人好，也天外星外會河是歡子子童入，己整論進母他著人己……單寶商有清一著主東多先現跑處我門；母中事血。\n證個價始展生與可知率像別過士度這集用什因是老分去們指，情方民物斷費期國起子質我日把我的據帶入書此。言覺濟買教劇們論聽小子語出車可；有了願合。'),
(22, 1, 'Far far away, behind the word mountains', 'Even the all-powerful Pointing has no control about the blind texts it is an almost unorthographic life One day however a small line of blind text by the name of Lorem Ipsum decided to leave for the far World of Grammar.'),
(22, 2, '資自響為注法人藝', '寶大的愛，感球例清率國人好，也天外星外會河是歡子子童入，己整論進母他著人己……單寶商有清一著主東多先現跑處我門；母中事血。\n證個價始展生與可知率像別過士度這集用什因是老分去們指，情方民物斷費期國起子質我日把我的據帶入書此。言覺濟買教劇們論聽小子語出車可；有了願合。'),
(23, 1, 'Far far away, behind the word mountains', 'Even the all-powerful Pointing has no control about the blind texts it is an almost unorthographic life One day however a small line of blind text by the name of Lorem Ipsum decided to leave for the far World of Grammar.'),
(23, 2, '資自響為注法人藝', '寶大的愛，感球例清率國人好，也天外星外會河是歡子子童入，己整論進母他著人己……單寶商有清一著主東多先現跑處我門；母中事血。\n證個價始展生與可知率像別過士度這集用什因是老分去們指，情方民物斷費期國起子質我日把我的據帶入書此。言覺濟買教劇們論聽小子語出車可；有了願合。'),
(24, 1, 'Far far away, behind the word mountains', 'Even the all-powerful Pointing has no control about the blind texts it is an almost unorthographic life One day however a small line of blind text by the name of Lorem Ipsum decided to leave for the far World of Grammar.'),
(24, 2, '資自響為注法人藝', '寶大的愛，感球例清率國人好，也天外星外會河是歡子子童入，己整論進母他著人己……單寶商有清一著主東多先現跑處我門；母中事血。\n證個價始展生與可知率像別過士度這集用什因是老分去們指，情方民物斷費期國起子質我日把我的據帶入書此。言覺濟買教劇們論聽小子語出車可；有了願合。'),
(25, 1, 'Far far away, behind the word mountains', 'Even the all-powerful Pointing has no control about the blind texts it is an almost unorthographic life One day however a small line of blind text by the name of Lorem Ipsum decided to leave for the far World of Grammar.'),
(25, 2, '資自響為注法人藝', '寶大的愛，感球例清率國人好，也天外星外會河是歡子子童入，己整論進母他著人己……單寶商有清一著主東多先現跑處我門；母中事血。\n證個價始展生與可知率像別過士度這集用什因是老分去們指，情方民物斷費期國起子質我日把我的據帶入書此。言覺濟買教劇們論聽小子語出車可；有了願合。'),
(26, 1, 'Far far away, behind the word mountains', 'Even the all-powerful Pointing has no control about the blind texts it is an almost unorthographic life One day however a small line of blind text by the name of Lorem Ipsum decided to leave for the far World of Grammar.'),
(26, 2, '資自響為注法人藝', '寶大的愛，感球例清率國人好，也天外星外會河是歡子子童入，己整論進母他著人己……單寶商有清一著主東多先現跑處我門；母中事血。\n證個價始展生與可知率像別過士度這集用什因是老分去們指，情方民物斷費期國起子質我日把我的據帶入書此。言覺濟買教劇們論聽小子語出車可；有了願合。'),
(27, 1, 'Far far away, behind the word mountains', 'Even the all-powerful Pointing has no control about the blind texts it is an almost unorthographic life One day however a small line of blind text by the name of Lorem Ipsum decided to leave for the far World of Grammar.'),
(27, 2, '資自響為注法人藝', '寶大的愛，感球例清率國人好，也天外星外會河是歡子子童入，己整論進母他著人己……單寶商有清一著主東多先現跑處我門；母中事血。\n證個價始展生與可知率像別過士度這集用什因是老分去們指，情方民物斷費期國起子質我日把我的據帶入書此。言覺濟買教劇們論聽小子語出車可；有了願合。'),
(28, 1, 'Far far away, behind the word mountains', 'Even the all-powerful Pointing has no control about the blind texts it is an almost unorthographic life One day however a small line of blind text by the name of Lorem Ipsum decided to leave for the far World of Grammar.'),
(28, 2, '資自響為注法人藝', '寶大的愛，感球例清率國人好，也天外星外會河是歡子子童入，己整論進母他著人己……單寶商有清一著主東多先現跑處我門；母中事血。\n證個價始展生與可知率像別過士度這集用什因是老分去們指，情方民物斷費期國起子質我日把我的據帶入書此。言覺濟買教劇們論聽小子語出車可；有了願合。'),
(29, 1, 'Far far away, behind the word mountains', 'Even the all-powerful Pointing has no control about the blind texts it is an almost unorthographic life One day however a small line of blind text by the name of Lorem Ipsum decided to leave for the far World of Grammar.'),
(29, 2, '資自響為注法人藝', '寶大的愛，感球例清率國人好，也天外星外會河是歡子子童入，己整論進母他著人己……單寶商有清一著主東多先現跑處我門；母中事血。\n證個價始展生與可知率像別過士度這集用什因是老分去們指，情方民物斷費期國起子質我日把我的據帶入書此。言覺濟買教劇們論聽小子語出車可；有了願合。'),
(30, 1, 'Far far away, behind the word mountains', 'Even the all-powerful Pointing has no control about the blind texts it is an almost unorthographic life One day however a small line of blind text by the name of Lorem Ipsum decided to leave for the far World of Grammar.'),
(30, 2, '資自響為注法人藝', '寶大的愛，感球例清率國人好，也天外星外會河是歡子子童入，己整論進母他著人己……單寶商有清一著主東多先現跑處我門；母中事血。\n證個價始展生與可知率像別過士度這集用什因是老分去們指，情方民物斷費期國起子質我日把我的據帶入書此。言覺濟買教劇們論聽小子語出車可；有了願合。'),
(31, 1, 'Far far away, behind the word mountains', 'Even the all-powerful Pointing has no control about the blind texts it is an almost unorthographic life One day however a small line of blind text by the name of Lorem Ipsum decided to leave for the far World of Grammar.'),
(31, 2, '資自響為注法人藝', '寶大的愛，感球例清率國人好，也天外星外會河是歡子子童入，己整論進母他著人己……單寶商有清一著主東多先現跑處我門；母中事血。\n證個價始展生與可知率像別過士度這集用什因是老分去們指，情方民物斷費期國起子質我日把我的據帶入書此。言覺濟買教劇們論聽小子語出車可；有了願合。'),
(32, 1, 'Far far away, behind the word mountains', 'Even the all-powerful Pointing has no control about the blind texts it is an almost unorthographic life One day however a small line of blind text by the name of Lorem Ipsum decided to leave for the far World of Grammar.'),
(32, 2, '資自響為注法人藝', '寶大的愛，感球例清率國人好，也天外星外會河是歡子子童入，己整論進母他著人己……單寶商有清一著主東多先現跑處我門；母中事血。\n證個價始展生與可知率像別過士度這集用什因是老分去們指，情方民物斷費期國起子質我日把我的據帶入書此。言覺濟買教劇們論聽小子語出車可；有了願合。'),
(33, 1, 'Far far away, behind the word mountains', 'Even the all-powerful Pointing has no control about the blind texts it is an almost unorthographic life One day however a small line of blind text by the name of Lorem Ipsum decided to leave for the far World of Grammar.'),
(33, 2, '資自響為注法人藝', '寶大的愛，感球例清率國人好，也天外星外會河是歡子子童入，己整論進母他著人己……單寶商有清一著主東多先現跑處我門；母中事血。\n證個價始展生與可知率像別過士度這集用什因是老分去們指，情方民物斷費期國起子質我日把我的據帶入書此。言覺濟買教劇們論聽小子語出車可；有了願合。'),
(34, 1, 'Far far away, behind the word mountains', 'Even the all-powerful Pointing has no control about the blind texts it is an almost unorthographic life One day however a small line of blind text by the name of Lorem Ipsum decided to leave for the far World of Grammar.'),
(34, 2, '資自響為注法人藝', '寶大的愛，感球例清率國人好，也天外星外會河是歡子子童入，己整論進母他著人己……單寶商有清一著主東多先現跑處我門；母中事血。\n證個價始展生與可知率像別過士度這集用什因是老分去們指，情方民物斷費期國起子質我日把我的據帶入書此。言覺濟買教劇們論聽小子語出車可；有了願合。'),
(35, 1, 'Far far away, behind the word mountains', 'Even the all-powerful Pointing has no control about the blind texts it is an almost unorthographic life One day however a small line of blind text by the name of Lorem Ipsum decided to leave for the far World of Grammar.'),
(35, 2, '資自響為注法人藝', '寶大的愛，感球例清率國人好，也天外星外會河是歡子子童入，己整論進母他著人己……單寶商有清一著主東多先現跑處我門；母中事血。\n證個價始展生與可知率像別過士度這集用什因是老分去們指，情方民物斷費期國起子質我日把我的據帶入書此。言覺濟買教劇們論聽小子語出車可；有了願合。'),
(36, 1, 'Far far away, behind the word mountains', 'Even the all-powerful Pointing has no control about the blind texts it is an almost unorthographic life One day however a small line of blind text by the name of Lorem Ipsum decided to leave for the far World of Grammar.'),
(36, 2, '資自響為注法人藝', '寶大的愛，感球例清率國人好，也天外星外會河是歡子子童入，己整論進母他著人己……單寶商有清一著主東多先現跑處我門；母中事血。\n證個價始展生與可知率像別過士度這集用什因是老分去們指，情方民物斷費期國起子質我日把我的據帶入書此。言覺濟買教劇們論聽小子語出車可；有了願合。'),
(37, 1, 'Far far away, behind the word mountains', 'Even the all-powerful Pointing has no control about the blind texts it is an almost unorthographic life One day however a small line of blind text by the name of Lorem Ipsum decided to leave for the far World of Grammar.'),
(37, 2, '資自響為注法人藝', '寶大的愛，感球例清率國人好，也天外星外會河是歡子子童入，己整論進母他著人己……單寶商有清一著主東多先現跑處我門；母中事血。\n證個價始展生與可知率像別過士度這集用什因是老分去們指，情方民物斷費期國起子質我日把我的據帶入書此。言覺濟買教劇們論聽小子語出車可；有了願合。'),
(38, 1, 'Far far away, behind the word mountains', 'Even the all-powerful Pointing has no control about the blind texts it is an almost unorthographic life One day however a small line of blind text by the name of Lorem Ipsum decided to leave for the far World of Grammar.'),
(38, 2, '資自響為注法人藝', '寶大的愛，感球例清率國人好，也天外星外會河是歡子子童入，己整論進母他著人己……單寶商有清一著主東多先現跑處我門；母中事血。\n證個價始展生與可知率像別過士度這集用什因是老分去們指，情方民物斷費期國起子質我日把我的據帶入書此。言覺濟買教劇們論聽小子語出車可；有了願合。'),
(39, 1, 'Far far away, behind the word mountains', 'Even the all-powerful Pointing has no control about the blind texts it is an almost unorthographic life One day however a small line of blind text by the name of Lorem Ipsum decided to leave for the far World of Grammar.'),
(39, 2, '資自響為注法人藝', '寶大的愛，感球例清率國人好，也天外星外會河是歡子子童入，己整論進母他著人己……單寶商有清一著主東多先現跑處我門；母中事血。\n證個價始展生與可知率像別過士度這集用什因是老分去們指，情方民物斷費期國起子質我日把我的據帶入書此。言覺濟買教劇們論聽小子語出車可；有了願合。'),
(40, 1, 'Far far away, behind the word mountains', 'Even the all-powerful Pointing has no control about the blind texts it is an almost unorthographic life One day however a small line of blind text by the name of Lorem Ipsum decided to leave for the far World of Grammar.'),
(40, 2, '資自響為注法人藝', '寶大的愛，感球例清率國人好，也天外星外會河是歡子子童入，己整論進母他著人己……單寶商有清一著主東多先現跑處我門；母中事血。\n證個價始展生與可知率像別過士度這集用什因是老分去們指，情方民物斷費期國起子質我日把我的據帶入書此。言覺濟買教劇們論聽小子語出車可；有了願合。'),
(41, 1, NULL, NULL),
(41, 2, NULL, NULL),
(42, 1, NULL, NULL),
(42, 2, NULL, NULL),
(43, 1, NULL, NULL),
(43, 2, NULL, NULL),
(44, 1, NULL, NULL),
(44, 2, NULL, NULL),
(45, 1, NULL, NULL),
(45, 2, NULL, NULL),
(46, 1, NULL, NULL),
(46, 2, NULL, NULL),
(47, 1, NULL, NULL),
(47, 2, NULL, NULL),
(48, 1, NULL, NULL),
(48, 2, NULL, NULL),
(49, 1, NULL, NULL),
(49, 2, NULL, NULL),
(50, 1, NULL, NULL),
(50, 2, NULL, NULL),
(51, 1, NULL, NULL),
(51, 2, NULL, NULL),
(52, 1, NULL, NULL),
(52, 2, NULL, NULL),
(53, 1, NULL, NULL),
(53, 2, NULL, NULL),
(54, 1, NULL, NULL),
(54, 2, NULL, NULL),
(55, 1, NULL, NULL),
(55, 2, NULL, NULL),
(56, 1, NULL, NULL),
(56, 2, NULL, NULL),
(57, 1, NULL, NULL),
(57, 2, NULL, NULL),
(58, 1, NULL, NULL),
(58, 2, NULL, NULL),
(59, 1, NULL, NULL),
(59, 2, NULL, NULL),
(60, 1, NULL, NULL),
(60, 2, NULL, NULL),
(61, 1, NULL, NULL),
(61, 2, NULL, NULL),
(62, 1, NULL, NULL),
(62, 2, NULL, NULL),
(63, 1, NULL, NULL),
(63, 2, NULL, NULL),
(64, 1, NULL, NULL),
(64, 2, NULL, NULL),
(65, 1, NULL, NULL),
(65, 2, NULL, NULL),
(66, 1, NULL, NULL),
(66, 2, NULL, NULL),
(67, 1, NULL, NULL),
(67, 2, NULL, NULL),
(68, 1, NULL, NULL),
(68, 2, NULL, NULL),
(69, 1, NULL, NULL),
(69, 2, NULL, NULL),
(70, 1, NULL, NULL),
(70, 2, NULL, NULL),
(71, 1, NULL, NULL),
(71, 2, NULL, NULL),
(72, 1, NULL, NULL),
(72, 2, NULL, NULL),
(73, 1, NULL, NULL),
(73, 2, NULL, NULL),
(74, 1, NULL, NULL),
(74, 2, NULL, NULL),
(75, 1, NULL, NULL),
(75, 2, NULL, NULL),
(76, 1, NULL, NULL),
(76, 2, NULL, NULL),
(77, 1, NULL, NULL),
(77, 2, NULL, NULL),
(78, 1, NULL, NULL),
(78, 2, NULL, NULL),
(79, 1, NULL, NULL),
(79, 2, NULL, NULL),
(80, 1, NULL, NULL),
(80, 2, NULL, NULL),
(81, 1, NULL, NULL),
(81, 2, NULL, NULL),
(82, 1, NULL, NULL),
(82, 2, NULL, NULL),
(83, 1, NULL, NULL),
(83, 2, NULL, NULL),
(84, 1, NULL, NULL),
(84, 2, NULL, NULL),
(85, 1, NULL, NULL),
(85, 2, NULL, NULL),
(86, 1, NULL, NULL),
(86, 2, NULL, NULL),
(87, 1, NULL, NULL),
(87, 2, NULL, NULL),
(88, 1, NULL, NULL),
(88, 2, NULL, NULL),
(89, 1, NULL, NULL),
(89, 2, NULL, NULL),
(90, 1, NULL, NULL),
(90, 2, NULL, NULL),
(91, 1, NULL, NULL),
(91, 2, NULL, NULL),
(92, 1, NULL, NULL),
(92, 2, NULL, NULL),
(93, 1, NULL, NULL),
(93, 2, NULL, NULL),
(94, 1, NULL, NULL),
(94, 2, NULL, NULL),
(95, 1, NULL, NULL),
(95, 2, NULL, NULL),
(96, 1, NULL, NULL),
(96, 2, NULL, NULL),
(97, 1, NULL, NULL),
(97, 2, NULL, NULL),
(98, 1, NULL, NULL),
(98, 2, NULL, NULL),
(99, 1, NULL, NULL),
(99, 2, NULL, NULL),
(100, 1, NULL, NULL),
(100, 2, NULL, NULL),
(101, 1, NULL, NULL),
(101, 2, NULL, NULL),
(102, 1, NULL, NULL),
(102, 2, NULL, NULL),
(103, 1, NULL, NULL),
(103, 2, NULL, NULL),
(104, 1, NULL, NULL),
(104, 2, NULL, NULL),
(105, 1, NULL, NULL),
(105, 2, NULL, NULL),
(106, 1, NULL, NULL),
(106, 2, NULL, NULL),
(107, 1, NULL, NULL),
(107, 2, NULL, NULL),
(108, 1, NULL, NULL),
(108, 2, NULL, NULL),
(109, 1, NULL, NULL),
(109, 2, NULL, NULL),
(110, 1, NULL, NULL),
(110, 2, NULL, NULL),
(111, 1, NULL, NULL),
(111, 2, NULL, NULL),
(112, 1, NULL, NULL),
(112, 2, NULL, NULL),
(113, 1, NULL, NULL),
(113, 2, NULL, NULL),
(114, 1, NULL, NULL),
(114, 2, NULL, NULL),
(115, 1, NULL, NULL),
(115, 2, NULL, NULL),
(116, 1, NULL, NULL),
(116, 2, NULL, NULL),
(117, 1, NULL, NULL),
(117, 2, NULL, NULL),
(118, 1, NULL, NULL),
(118, 2, NULL, NULL),
(119, 1, NULL, NULL),
(119, 2, NULL, NULL),
(120, 1, NULL, NULL),
(120, 2, NULL, NULL),
(121, 1, NULL, NULL),
(121, 2, NULL, NULL),
(122, 1, NULL, NULL),
(122, 2, NULL, NULL),
(123, 1, NULL, NULL),
(123, 2, NULL, NULL),
(124, 1, NULL, NULL),
(124, 2, NULL, NULL),
(125, 1, NULL, NULL),
(125, 2, NULL, NULL),
(126, 1, NULL, NULL),
(126, 2, NULL, NULL),
(127, 1, NULL, NULL),
(127, 2, NULL, NULL),
(128, 1, NULL, NULL),
(128, 2, NULL, NULL),
(129, 1, NULL, NULL),
(129, 2, NULL, NULL),
(130, 1, NULL, NULL),
(130, 2, NULL, NULL),
(131, 1, NULL, NULL),
(131, 2, NULL, NULL),
(132, 1, NULL, NULL),
(132, 2, NULL, NULL),
(133, 1, NULL, NULL),
(133, 2, NULL, NULL),
(134, 1, NULL, NULL),
(134, 2, NULL, NULL),
(135, 1, NULL, NULL),
(135, 2, NULL, NULL),
(136, 1, NULL, NULL),
(136, 2, NULL, NULL),
(137, 1, NULL, NULL),
(137, 2, NULL, NULL),
(138, 1, NULL, NULL),
(138, 2, NULL, NULL),
(139, 1, NULL, NULL),
(139, 2, NULL, NULL),
(140, 1, NULL, NULL),
(140, 2, NULL, NULL),
(141, 1, NULL, NULL),
(141, 2, NULL, NULL),
(142, 1, NULL, NULL),
(142, 2, NULL, NULL),
(143, 1, NULL, NULL),
(143, 2, NULL, NULL),
(144, 1, NULL, NULL),
(144, 2, NULL, NULL),
(145, 1, NULL, NULL),
(145, 2, NULL, NULL),
(146, 1, NULL, NULL),
(146, 2, NULL, NULL),
(147, 1, NULL, NULL),
(147, 2, NULL, NULL),
(148, 1, NULL, NULL),
(148, 2, NULL, NULL),
(149, 1, NULL, NULL),
(149, 2, NULL, NULL),
(150, 1, NULL, NULL),
(150, 2, NULL, NULL),
(151, 1, NULL, NULL),
(151, 2, NULL, NULL),
(152, 1, NULL, NULL),
(152, 2, NULL, NULL),
(153, 1, NULL, NULL),
(153, 2, NULL, NULL),
(154, 1, NULL, NULL),
(154, 2, NULL, NULL),
(155, 1, NULL, NULL),
(155, 2, NULL, NULL),
(156, 1, NULL, NULL),
(156, 2, NULL, NULL),
(157, 1, NULL, NULL),
(157, 2, NULL, NULL),
(158, 1, NULL, NULL),
(158, 2, NULL, NULL),
(159, 1, NULL, NULL),
(159, 2, NULL, NULL),
(160, 1, NULL, NULL),
(160, 2, NULL, NULL),
(161, 1, NULL, NULL),
(161, 2, NULL, NULL),
(162, 1, NULL, NULL),
(162, 2, NULL, NULL),
(163, 1, NULL, NULL),
(163, 2, NULL, NULL),
(164, 1, NULL, NULL),
(164, 2, NULL, NULL),
(165, 1, NULL, NULL),
(165, 2, NULL, NULL),
(166, 1, NULL, NULL),
(166, 2, NULL, NULL),
(167, 1, NULL, NULL),
(167, 2, NULL, NULL),
(168, 1, NULL, NULL),
(168, 2, NULL, NULL),
(169, 1, NULL, NULL),
(169, 2, NULL, NULL),
(170, 1, NULL, NULL),
(170, 2, NULL, NULL),
(171, 1, NULL, NULL),
(171, 2, NULL, NULL),
(172, 1, NULL, NULL),
(172, 2, NULL, NULL),
(173, 1, NULL, NULL),
(173, 2, NULL, NULL),
(174, 1, NULL, NULL),
(174, 2, NULL, NULL),
(175, 1, NULL, NULL),
(175, 2, NULL, NULL),
(176, 1, NULL, NULL),
(176, 2, NULL, NULL),
(177, 1, NULL, NULL),
(177, 2, NULL, NULL),
(178, 1, NULL, NULL),
(178, 2, NULL, NULL),
(179, 1, NULL, NULL),
(179, 2, NULL, NULL),
(180, 1, NULL, NULL),
(180, 2, NULL, NULL),
(181, 1, NULL, NULL),
(181, 2, NULL, NULL),
(182, 1, NULL, NULL),
(182, 2, NULL, NULL),
(183, 1, NULL, NULL),
(183, 2, NULL, NULL),
(184, 1, NULL, NULL),
(184, 2, NULL, NULL),
(185, 1, NULL, NULL),
(185, 2, NULL, NULL),
(186, 1, NULL, NULL),
(186, 2, NULL, NULL),
(187, 1, NULL, NULL),
(187, 2, NULL, NULL),
(188, 1, NULL, NULL),
(188, 2, NULL, NULL),
(189, 1, NULL, NULL),
(189, 2, NULL, NULL),
(190, 1, NULL, NULL),
(190, 2, NULL, NULL),
(191, 1, NULL, NULL),
(191, 2, NULL, NULL),
(192, 1, NULL, NULL),
(192, 2, NULL, NULL),
(193, 1, NULL, NULL),
(193, 2, NULL, NULL),
(194, 1, NULL, NULL),
(194, 2, NULL, NULL),
(195, 1, NULL, NULL),
(195, 2, NULL, NULL),
(196, 1, NULL, NULL),
(196, 2, NULL, NULL),
(197, 1, NULL, NULL),
(197, 2, NULL, NULL),
(198, 1, NULL, NULL),
(198, 2, NULL, NULL),
(199, 1, NULL, NULL),
(199, 2, NULL, NULL),
(200, 1, NULL, NULL),
(200, 2, NULL, NULL),
(201, 1, NULL, NULL),
(201, 2, NULL, NULL),
(202, 1, NULL, NULL),
(202, 2, NULL, NULL),
(203, 1, NULL, NULL),
(203, 2, NULL, NULL),
(204, 1, NULL, NULL),
(204, 2, NULL, NULL),
(205, 1, NULL, NULL),
(205, 2, NULL, NULL),
(206, 1, NULL, NULL),
(206, 2, NULL, NULL),
(207, 1, NULL, NULL),
(207, 2, NULL, NULL),
(208, 1, NULL, NULL),
(208, 2, NULL, NULL),
(209, 1, NULL, NULL),
(209, 2, NULL, NULL),
(210, 1, NULL, NULL),
(210, 2, NULL, NULL),
(211, 1, NULL, NULL),
(211, 2, NULL, NULL),
(212, 1, NULL, NULL),
(212, 2, NULL, NULL),
(213, 1, NULL, NULL),
(213, 2, NULL, NULL),
(214, 1, NULL, NULL),
(214, 2, NULL, NULL),
(215, 1, NULL, NULL),
(215, 2, NULL, NULL),
(216, 1, NULL, NULL),
(216, 2, NULL, NULL),
(217, 1, NULL, NULL),
(217, 2, NULL, NULL),
(218, 1, NULL, NULL),
(218, 2, NULL, NULL),
(219, 1, NULL, NULL),
(219, 2, NULL, NULL),
(220, 1, NULL, NULL),
(220, 2, NULL, NULL),
(221, 1, NULL, NULL),
(221, 2, NULL, NULL),
(222, 1, NULL, NULL),
(222, 2, NULL, NULL),
(223, 1, NULL, NULL),
(223, 2, NULL, NULL),
(224, 1, NULL, NULL),
(224, 2, NULL, NULL),
(225, 1, NULL, NULL),
(225, 2, NULL, NULL),
(226, 1, NULL, NULL),
(226, 2, NULL, NULL),
(227, 1, NULL, NULL),
(227, 2, NULL, NULL),
(228, 1, NULL, NULL),
(228, 2, NULL, NULL),
(229, 1, NULL, NULL),
(229, 2, NULL, NULL),
(230, 1, NULL, NULL),
(230, 2, NULL, NULL),
(231, 1, NULL, NULL),
(231, 2, NULL, NULL),
(232, 1, NULL, NULL),
(232, 2, NULL, NULL),
(233, 1, NULL, NULL),
(233, 2, NULL, NULL),
(234, 1, NULL, NULL),
(234, 2, NULL, NULL),
(235, 1, NULL, NULL),
(235, 2, NULL, NULL),
(236, 1, NULL, NULL),
(236, 2, NULL, NULL),
(237, 1, NULL, NULL),
(237, 2, NULL, NULL),
(238, 1, NULL, NULL),
(238, 2, NULL, NULL),
(239, 1, NULL, NULL),
(239, 2, NULL, NULL),
(240, 1, NULL, NULL),
(240, 2, NULL, NULL),
(241, 1, NULL, NULL),
(241, 2, NULL, NULL),
(242, 1, NULL, NULL),
(242, 2, NULL, NULL),
(243, 1, NULL, NULL),
(243, 2, NULL, NULL),
(244, 1, NULL, NULL),
(244, 2, NULL, NULL),
(245, 1, NULL, NULL),
(245, 2, NULL, NULL),
(246, 1, NULL, NULL),
(246, 2, NULL, NULL),
(247, 1, NULL, NULL),
(247, 2, NULL, NULL),
(248, 1, NULL, NULL),
(248, 2, NULL, NULL),
(249, 1, NULL, NULL),
(249, 2, NULL, NULL),
(250, 1, NULL, NULL),
(250, 2, NULL, NULL);

-- --------------------------------------------------------

--
-- Structure de la table `trois_dimensions`
--

DROP TABLE IF EXISTS `trois_dimensions`;
CREATE TABLE IF NOT EXISTS `trois_dimensions` (
  `id_tri` int(11) NOT NULL AUTO_INCREMENT,
  `longueur_tri` decimal(5,2) UNSIGNED NOT NULL,
  `largeur_tri` decimal(5,2) UNSIGNED NOT NULL,
  `hauteur_tri` decimal(5,2) UNSIGNED NOT NULL,
  PRIMARY KEY (`id_tri`)
) ENGINE=InnoDB AUTO_INCREMENT=87 DEFAULT CHARSET=utf8;

--
-- Déchargement des données de la table `trois_dimensions`
--

INSERT INTO `trois_dimensions` (`id_tri`, `longueur_tri`, `largeur_tri`, `hauteur_tri`) VALUES
(1, '0.00', '0.00', '0.00'),
(2, '63.00', '146.00', '240.00'),
(3, '92.00', '30.00', '247.00'),
(4, '169.00', '202.00', '275.00'),
(5, '150.00', '62.00', '213.00'),
(6, '159.00', '189.00', '105.00'),
(7, '179.00', '64.00', '61.00'),
(8, '55.00', '33.00', '130.00'),
(9, '166.00', '129.00', '234.00'),
(10, '23.00', '124.00', '118.00'),
(11, '87.00', '77.00', '148.00'),
(12, '62.00', '243.00', '30.00'),
(13, '105.00', '101.00', '106.00'),
(14, '97.00', '45.00', '73.00'),
(15, '124.00', '186.00', '127.00'),
(16, '155.00', '204.00', '63.00'),
(17, '146.00', '32.00', '269.00'),
(18, '85.00', '213.00', '223.00'),
(19, '17.00', '220.00', '203.00'),
(20, '161.00', '144.00', '232.00'),
(21, '46.00', '260.00', '206.00'),
(22, '22.00', '72.00', '137.00'),
(23, '166.00', '176.00', '200.00'),
(24, '176.00', '63.00', '166.00'),
(25, '174.00', '169.00', '289.00'),
(26, '82.00', '249.00', '238.00'),
(27, '42.00', '176.00', '201.00'),
(28, '136.00', '231.00', '62.00'),
(29, '139.00', '240.00', '73.00'),
(30, '70.00', '113.00', '210.00'),
(31, '62.00', '77.00', '253.00'),
(32, '47.00', '227.00', '66.00'),
(33, '72.00', '67.00', '193.00'),
(34, '127.00', '228.00', '72.00'),
(35, '178.00', '243.00', '54.00'),
(36, '178.00', '97.00', '138.00'),
(37, '103.00', '237.00', '147.00'),
(38, '178.00', '79.00', '258.00'),
(39, '127.00', '83.00', '76.00'),
(40, '71.00', '188.00', '35.00'),
(41, '88.00', '245.00', '225.00'),
(42, '129.00', '159.00', '251.00'),
(43, '123.00', '163.00', '249.00'),
(44, '177.00', '58.00', '221.00'),
(45, '40.00', '113.00', '271.00'),
(46, '16.00', '187.00', '68.00'),
(47, '103.00', '188.00', '89.00'),
(48, '154.00', '207.00', '187.00'),
(49, '132.00', '158.00', '45.00'),
(50, '165.00', '89.00', '133.00'),
(51, '58.00', '67.00', '127.00'),
(52, '117.00', '99.00', '91.00'),
(53, '149.00', '95.00', '137.00'),
(54, '110.00', '62.00', '92.00'),
(55, '130.00', '206.00', '194.00'),
(56, '78.00', '148.00', '283.00'),
(57, '155.00', '203.00', '63.00'),
(58, '118.00', '243.00', '256.00'),
(59, '14.00', '21.00', '256.00'),
(60, '10.00', '202.00', '74.00'),
(61, '96.00', '27.00', '178.00'),
(62, '18.00', '81.00', '294.00'),
(63, '70.00', '21.00', '152.00'),
(64, '199.00', '21.00', '129.00'),
(65, '199.00', '141.00', '23.00'),
(66, '178.00', '175.00', '174.00'),
(67, '189.00', '129.00', '47.00'),
(68, '71.00', '117.00', '141.00'),
(69, '120.00', '122.00', '144.00'),
(70, '74.00', '49.00', '28.00'),
(71, '148.00', '51.00', '253.00'),
(72, '35.00', '14.00', '209.00'),
(73, '164.00', '146.00', '113.00'),
(74, '99.00', '93.00', '104.00'),
(75, '26.00', '176.00', '108.00'),
(76, '144.00', '141.00', '228.00'),
(77, '40.00', '48.00', '79.00'),
(78, '35.00', '157.00', '113.00'),
(79, '191.00', '215.00', '172.00'),
(80, '18.00', '43.00', '276.00'),
(81, '183.00', '14.00', '283.00'),
(82, '145.00', '42.00', '208.00'),
(83, '74.00', '244.00', '117.00'),
(84, '10.00', '159.00', '110.00'),
(85, '85.00', '54.00', '14.00'),
(86, '179.00', '89.00', '180.00');

-- --------------------------------------------------------

--
-- Structure de la table `types`
--

DROP TABLE IF EXISTS `types`;
CREATE TABLE IF NOT EXISTS `types` (
  `id_type` int(11) NOT NULL AUTO_INCREMENT,
  `libelle_type` varchar(100) NOT NULL,
  `cat_type` enum('0D','2D','3D') NOT NULL,
  PRIMARY KEY (`id_type`)
) ENGINE=InnoDB AUTO_INCREMENT=15 DEFAULT CHARSET=utf8;

--
-- Déchargement des données de la table `types`
--

INSERT INTO `types` (`id_type`, `libelle_type`, `cat_type`) VALUES
(1, 'peinture', '2D'),
(2, 'gravure', '2D'),
(3, 'dessin', '2D'),
(4, 'sculpture', '3D'),
(5, 'sérigraphie', '2D'),
(6, 'vidéo', '0D'),
(7, 'installation', '3D'),
(8, 'collage', '2D'),
(9, 'infographie', '0D'),
(10, 'papier découpé', '2D'),
(11, 'design', '3D'),
(12, 'affiche', '2D'),
(13, 'assemblage', '3D'),
(14, 'photomontage', '2D');

--
-- Contraintes pour les tables déchargées
--

--
-- Contraintes pour la table `accompagner`
--
ALTER TABLE `accompagner`
  ADD CONSTRAINT `Accompagner_MEDIAS_FK` FOREIGN KEY (`id_media`) REFERENCES `medias` (`id_media`),
  ADD CONSTRAINT `Accompagner_OEUVRES0_FK` FOREIGN KEY (`id_oeuvre`) REFERENCES `oeuvres` (`id_oeuvre`);

--
-- Contraintes pour la table `artistes`
--
ALTER TABLE `artistes`
  ADD CONSTRAINT `ARTISTES_COLLECTIFS_FK` FOREIGN KEY (`id_col`) REFERENCES `collectifs` (`id_col`);

--
-- Contraintes pour la table `artistes_trad`
--
ALTER TABLE `artistes_trad`
  ADD CONSTRAINT `Artistes_trad_ARTISTES_FK` FOREIGN KEY (`id_art`) REFERENCES `artistes` (`id_art`),
  ADD CONSTRAINT `Artistes_trad_LANGUES0_FK` FOREIGN KEY (`id_langue`) REFERENCES `langues` (`id_langue`);

--
-- Contraintes pour la table `avoir`
--
ALTER TABLE `avoir`
  ADD CONSTRAINT `Avoir_DEUX_DIMENSIONS_FK` FOREIGN KEY (`id_pic`) REFERENCES `deux_dimensions` (`id_pic`),
  ADD CONSTRAINT `Avoir_OEUVRES1_FK` FOREIGN KEY (`id_oeuvre`) REFERENCES `oeuvres` (`id_oeuvre`),
  ADD CONSTRAINT `Avoir_TROIS_DIMENSIONS0_FK` FOREIGN KEY (`id_tri`) REFERENCES `trois_dimensions` (`id_tri`),
  ADD CONSTRAINT `Avoir_TYPES2_FK` FOREIGN KEY (`id_type`) REFERENCES `types` (`id_type`);

--
-- Contraintes pour la table `collectifs_trad`
--
ALTER TABLE `collectifs_trad`
  ADD CONSTRAINT `Collectifs_trad_COLLECTIFS0_FK` FOREIGN KEY (`id_col`) REFERENCES `collectifs` (`id_col`),
  ADD CONSTRAINT `Collectifs_trad_LANGUES_FK` FOREIGN KEY (`id_langue`) REFERENCES `langues` (`id_langue`);

--
-- Contraintes pour la table `composer`
--
ALTER TABLE `composer`
  ADD CONSTRAINT `Composer_EMPLACEMENTS1_FK` FOREIGN KEY (`num_emp`) REFERENCES `emplacements` (`num_emp`),
  ADD CONSTRAINT `Composer_EXPOSITIONS0_FK` FOREIGN KEY (`id_expo`) REFERENCES `expositions` (`id_expo`),
  ADD CONSTRAINT `Composer_OEUVRES_FK` FOREIGN KEY (`id_oeuvre`) REFERENCES `oeuvres` (`id_oeuvre`);

--
-- Contraintes pour la table `expositions_trad`
--
ALTER TABLE `expositions_trad`
  ADD CONSTRAINT `Expositions_trad_EXPOSITIONS_FK` FOREIGN KEY (`id_expo`) REFERENCES `expositions` (`id_expo`),
  ADD CONSTRAINT `Expositions_trad_LANGUES0_FK` FOREIGN KEY (`id_langue`) REFERENCES `langues` (`id_langue`);

--
-- Contraintes pour la table `oeuvres`
--
ALTER TABLE `oeuvres`
  ADD CONSTRAINT `OEUVRES_ARTISTES_FK` FOREIGN KEY (`id_art`) REFERENCES `artistes` (`id_art`);

--
-- Contraintes pour la table `oeuvres_trad`
--
ALTER TABLE `oeuvres_trad`
  ADD CONSTRAINT `Oeuvres_trad_LANGUES0_FK` FOREIGN KEY (`id_langue`) REFERENCES `langues` (`id_langue`),
  ADD CONSTRAINT `Oeuvres_trad_OEUVRES_FK` FOREIGN KEY (`id_oeuvre`) REFERENCES `oeuvres` (`id_oeuvre`);
COMMIT;

/*!40101 SET CHARACTER_SET_CLIENT=@OLD_CHARACTER_SET_CLIENT */;
/*!40101 SET CHARACTER_SET_RESULTS=@OLD_CHARACTER_SET_RESULTS */;
/*!40101 SET COLLATION_CONNECTION=@OLD_COLLATION_CONNECTION */;
